x,y,z,h,v_x,v_y,v_z,|U|,rho(rpx),p(rpy),mu(rpz),sr,tau,I,mu_i,type(rpw)
0.0132983, 0.412949, 1.33038, 0.05, 0.0980723, 0.18116, -0.958259, 0.980152, 1000, 1e-20, 10, 2e-20, 3e-20, 2e-20, 2e-20, 1
0.056087, 0.391483, 1.34481, 0.05, 0.0992959, 0.176427, -0.968926, 0.98985, 1000, 1e-20, 10, 2e-20, 3e-20, 2e-20, 2e-20, 1
0.0564664, 0.437788, 1.32595, 0.05, 0.0986132, 0.179787, -0.960688, 0.982329, 1000, 1e-20, 10, 2e-20, 3e-20, 2e-20, 2e-20, 1
0.0136801, 0.459255, 1.31152, 0.05, 0.0973896, 0.18452, -0.950021, 0.972663, 1000, 1e-20, 10, 2e-20, 3e-20, 2e-20, 2e-20, 1
-0.029488, 0.434419, 1.31594, 0.05, 0.0968486, 0.185893, -0.947592, 0.970498, 1000, 1e-20, 10, 2e-20, 3e-20, 2e-20, 2e-20, 1
-0.0298721, 0.388115, 1.3348, 0.05, 0.0975312, 0.182533, -0.955829, 0.977977, 1000, 1e-20, 10, 2e-20, 3e-20, 2e-20, 2e-20, 1
0.012912, 0.366643, 1.34923, 0.05, 0.0987548, 0.1778, -0.966496, 0.987664, 1000, 1e-20, 10, 2e-20, 3e-20, 2e-20, 2e-20, 1
0.0988756, 0.370017, 1.35924, 0.05, 0.10052, 0.171694, -0.979593, 0.999593, 1000, 1e-20, 10, 2e-20, 3e-20, 2e-20, 2e-20, 1
0.112552, 0.416843, 1.34193, 0.05, 0.10011, 0.174109, -0.973381, 0.993885, 1000, 1e-20, 10, 2e-20, 3e-20, 2e-20, 2e-20, 1
0.0996345, 0.462626, 1.32153, 0.05, 0.0991542, 0.178414, -0.963117, 0.984509, 1000, 1e-20, 10, 2e-20, 3e-20, 2e-20, 2e-20, 1
0.0635849, 0.495099, 1.30349, 0.05, 0.0979087, 0.183455, -0.951552, 0.974008, 1000, 1e-20, 10, 2e-20, 3e-20, 2e-20, 2e-20, 1
0.0140618, 0.505561, 1.29266, 0.05, 0.096707, 0.187881, -0.941783, 0.965198, 1000, 1e-20, 10, 2e-20, 3e-20, 2e-20, 2e-20, 1
-0.0356658, 0.49121, 1.29193, 0.05, 0.0958711, 0.190506, -0.936429, 0.960408, 1000, 1e-20, 10, 2e-20, 3e-20, 2e-20, 2e-20, 1
-0.0722744, 0.45589, 1.30151, 0.05, 0.095625, 0.190627, -0.936924, 0.96089, 1000, 1e-20, 10, 2e-20, 3e-20, 2e-20, 2e-20, 1
-0.0859551, 0.409064, 1.31881, 0.05, 0.0960346, 0.188211, -0.943135, 0.966515, 1000, 1e-20, 10, 2e-20, 3e-20, 2e-20, 2e-20, 1
-0.0730424, 0.36328, 1.33922, 0.05, 0.0969901, 0.183906, -0.953399, 0.975806, 1000, 1e-20, 10, 2e-20, 3e-20, 2e-20, 2e-20, 1
-0.0369962, 0.330803, 1.35726, 0.05, 0.0982356, 0.178866, -0.964964, 0.986306, 1000, 1e-20, 10, 2e-20, 3e-20, 2e-20, 2e-20, 1
0.0125256, 0.320337, 1.36809, 0.05, 0.0994373, 0.17444, -0.974733, 0.995199, 1000, 1e-20, 10, 2e-20, 3e-20, 2e-20, 2e-20, 1
0.0622545, 0.334684, 1.36882, 0.05, 0.100273, 0.171815, -0.980088, 1.00007, 1000, 1e-20, 10, 2e-20, 3e-20, 2e-20, 2e-20, 1
0.141664, 0.34855, 1.37368, 0.05, 0.101743, 0.16696, -0.99026, 1.00938, 1000, 1e-20, 10, 2e-20, 3e-20, 2e-20, 2e-20, 1
0.159719, 0.394579, 1.35727, 0.05, 0.101438, 0.168994, -0.984889, 1.00442, 1000, 1e-20, 10, 2e-20, 3e-20, 2e-20, 2e-20, 1
0.160114, 0.442823, 1.33763, 0.05, 0.100727, 0.172495, -0.976306, 0.996531, 1000, 1e-20, 10, 2e-20, 3e-20, 2e-20, 2e-20, 1
0.142803, 0.487464, 1.3171, 0.05, 0.0996952, 0.177042, -0.965546, 0.986693, 1000, 1e-20, 10, 2e-20, 3e-20, 2e-20, 2e-20, 1
0.109872, 0.523119, 1.29818, 0.05, 0.0984681, 0.182084, -0.953908, 0.97611, 1000, 1e-20, 10, 2e-20, 3e-20, 2e-20, 2e-20, 1
0.0652931, 0.545485, 1.28314, 0.05, 0.0971932, 0.187016, -0.942794, 0.966065, 1000, 1e-20, 10, 2e-20, 3e-20, 2e-20, 2e-20, 1
0.0144436, 0.551867, 1.2738, 0.05, 0.0960244, 0.191241, -0.933546, 0.957758, 1000, 1e-20, 10, 2e-20, 3e-20, 2e-20, 2e-20, 1
-0.0365441, 0.541495, 1.27128, 0.05, 0.0951025, 0.19425, -0.927278, 0.952167, 1000, 1e-20, 10, 2e-20, 3e-20, 2e-20, 2e-20, 1
-0.0815203, 0.515619, 1.27589, 0.05, 0.0945389, 0.195681, -0.924746, 0.949939, 1000, 1e-20, 10, 2e-20, 3e-20, 2e-20, 2e-20, 1
-0.115061, 0.47736, 1.28707, 0.05, 0.0944014, 0.19536, -0.926257, 0.95133, 1000, 1e-20, 10, 2e-20, 3e-20, 2e-20, 2e-20, 1
-0.13312, 0.431332, 1.30347, 0.05, 0.0947066, 0.193327, -0.931627, 0.956177, 1000, 1e-20, 10, 2e-20, 3e-20, 2e-20, 2e-20, 1
-0.13352, 0.383088, 1.32312, 0.05, 0.0954177, 0.189826, -0.940209, 0.963915, 1000, 1e-20, 10, 2e-20, 3e-20, 2e-20, 2e-20, 1
-0.116213, 0.338445, 1.34364, 0.05, 0.096449, 0.18528, -0.950969, 0.973639, 1000, 1e-20, 10, 2e-20, 3e-20, 2e-20, 2e-20, 1
-0.0832855, 0.302788, 1.36256, 0.05, 0.0976761, 0.180237, -0.962607, 0.984194, 1000, 1e-20, 10, 2e-20, 3e-20, 2e-20, 2e-20, 1
-0.0387094, 0.280417, 1.3776, 0.05, 0.098951, 0.175305, -0.973721, 0.994312, 1000, 1e-20, 10, 2e-20, 3e-20, 2e-20, 2e-20, 1
0.0121393, 0.274031, 1.38695, 0.05, 0.10012, 0.17108, -0.98297, 1.00276, 1000, 1e-20, 10, 2e-20, 3e-20, 2e-20, 2e-20, 1
0.0631277, 0.284399, 1.38947, 0.05, 0.101042, 0.16807, -0.989239, 1.00849, 1000, 1e-20, 10, 2e-20, 3e-20, 2e-20, 2e-20, 1
0.108106, 0.310271, 1.38486, 0.05, 0.101606, 0.166639, -0.991771, 1.01079, 1000, 1e-20, 10, 2e-20, 3e-20, 2e-20, 2e-20, 1
0.184453, 0.327084, 1.38811, 0.05, 0.102967, 0.162227, -1.00093, 1.0192, 1000, 1e-20, 10, 2e-20, 3e-20, 2e-20, 2e-20, 1
0.204085, 0.370641, 1.37292, 0.05, 0.102732, 0.163964, -0.99625, 1.01487, 1000, 1e-20, 10, 2e-20, 3e-20, 2e-20, 2e-20, 1
0.21173, 0.416856, 1.35507, 0.05, 0.102204, 0.16678, -0.989186, 1.00834, 1000, 1e-20, 10, 2e-20, 3e-20, 2e-20, 2e-20, 1
0.206907, 0.462826, 1.33566, 0.05, 0.101416, 0.170501, -0.980179, 1.00005, 1000, 1e-20, 10, 2e-20, 3e-20, 2e-20, 2e-20, 1
0.18992, 0.505662, 1.31592, 0.05, 0.100419, 0.174891, -0.969795, 0.990542, 1000, 1e-20, 10, 2e-20, 3e-20, 2e-20, 2e-20, 1
0.161836, 0.542672, 1.29708, 0.05, 0.0992736, 0.179675, -0.958686, 0.980417, 1000, 1e-20, 10, 2e-20, 3e-20, 2e-20, 2e-20, 1
0.124419, 0.571533, 1.28034, 0.05, 0.0980531, 0.184552, -0.94755, 0.970322, 1000, 1e-20, 10, 2e-20, 3e-20, 2e-20, 2e-20, 1
0.0800208, 0.590429, 1.26674, 0.05, 0.0968338, 0.189216, -0.937087, 0.960891, 1000, 1e-20, 10, 2e-20, 3e-20, 2e-20, 2e-20, 1
0.0314301, 0.598175, 1.25714, 0.05, 0.0956923, 0.193374, -0.927954, 0.952706, 1000, 1e-20, 10, 2e-20, 3e-20, 2e-20, 2e-20, 1
-0.0182998, 0.594283, 1.25215, 0.05, 0.0947004, 0.196765, -0.920725, 0.946266, 1000, 1e-20, 10, 2e-20, 3e-20, 2e-20, 2e-20, 1
-0.0660445, 0.578997, 1.25206, 0.05, 0.0939203, 0.199175, -0.915855, 0.941956, 1000, 1e-20, 10, 2e-20, 3e-20, 2e-20, 2e-20, 1
-0.108804, 0.553279, 1.2569, 0.05, 0.0934011, 0.200453, -0.913649, 0.940031, 1000, 1e-20, 10, 2e-20, 3e-20, 2e-20, 2e-20, 1
-0.143892, 0.518744, 1.26635, 0.05, 0.0931753, 0.200519, -0.914245, 0.940603, 1000, 1e-20, 10, 2e-20, 3e-20, 2e-20, 2e-20, 1
-0.169103, 0.477562, 1.27983, 0.05, 0.0932573, 0.199369, -0.917607, 0.943635, 1000, 1e-20, 10, 2e-20, 3e-20, 2e-20, 2e-20, 1
-0.182855, 0.43232, 1.29648, 0.05, 0.0936418, 0.197075, -0.923523, 0.948948, 1000, 1e-20, 10, 2e-20, 3e-20, 2e-20, 2e-20, 1
-0.184282, 0.385861, 1.31526, 0.05, 0.0943046, 0.19378, -0.931622, 0.956223, 1000, 1e-20, 10, 2e-20, 3e-20, 2e-20, 2e-20, 1
-0.173295, 0.341104, 1.33499, 0.05, 0.0952042, 0.189693, -0.941394, 0.965023, 1000, 1e-20, 10, 2e-20, 3e-20, 2e-20, 2e-20, 1
-0.150584, 0.300861, 1.35443, 0.05, 0.0962839, 0.18507, -0.952226, 0.97481, 1000, 1e-20, 10, 2e-20, 3e-20, 2e-20, 2e-20, 1
-0.117577, 0.267661, 1.37236, 0.05, 0.097476, 0.180201, -0.963437, 0.984979, 1000, 1e-20, 10, 2e-20, 3e-20, 2e-20, 2e-20, 1
-0.0763466, 0.243589, 1.38765, 0.05, 0.0987056, 0.175392, -0.974322, 0.994891, 1000, 1e-20, 10, 2e-20, 3e-20, 2e-20, 2e-20, 1
-0.029484, 0.230158, 1.39935, 0.05, 0.0998954, 0.170946, -0.984199, 1.00392, 1000, 1e-20, 10, 2e-20, 3e-20, 2e-20, 2e-20, 1
0.0200666, 0.228212, 1.40671, 0.05, 0.100971, 0.167141, -0.992445, 1.01147, 1000, 1e-20, 10, 2e-20, 3e-20, 2e-20, 2e-20, 1
0.069192, 0.237873, 1.40927, 0.05, 0.101864, 0.164217, -0.998544, 1.01707, 1000, 1e-20, 10, 2e-20, 3e-20, 2e-20, 2e-20, 1
0.114806, 0.258534, 1.40687, 0.05, 0.102519, 0.162358, -1.00211, 1.02034, 1000, 1e-20, 10, 2e-20, 3e-20, 2e-20, 2e-20, 1
0.154041, 0.288896, 1.39967, 0.05, 0.102894, 0.16168, -1.00292, 1.02107, 1000, 1e-20, 10, 2e-20, 3e-20, 2e-20, 2e-20, 1
0.0203991, 0.391062, 1.27677, 0.05, 0.0884306, 0.19041, -0.963313, 0.985925, 1000, 1e-20, 10, 2e-20, 3e-20, 2e-20, 2e-20, 1
0.0631878, 0.369595, 1.29121, 0.05, 0.0896542, 0.185677, -0.97398, 0.995566, 1000, 1e-20, 10, 2e-20, 3e-20, 2e-20, 2e-20, 1
0.0635672, 0.4159, 1.27235, 0.05, 0.0889715, 0.189037, -0.965742, 0.988084, 1000, 1e-20, 10, 2e-20, 3e-20, 2e-20, 2e-20, 1
0.0207809, 0.437368, 1.25791, 0.05, 0.0877479, 0.19377, -0.955075, 0.978476, 1000, 1e-20, 10, 2e-20, 3e-20, 2e-20, 2e-20, 1
-0.0223872, 0.412532, 1.26234, 0.05, 0.0872069, 0.195143, -0.952646, 0.97633, 1000, 1e-20, 10, 2e-20, 3e-20, 2e-20, 2e-20, 1
-0.0227713, 0.366227, 1.28119, 0.05, 0.0878895, 0.191783, -0.960883, 0.983769, 1000, 1e-20, 10, 2e-20, 3e-20, 2e-20, 2e-20, 1
0.0200128, 0.344755, 1.29563, 0.05, 0.0891131, 0.18705, -0.97155, 0.993398, 1000, 1e-20, 10, 2e-20, 3e-20, 2e-20, 2e-20, 1
0.105976, 0.348129, 1.30564, 0.05, 0.0908778, 0.180944, -0.984647, 1.00525, 1000, 1e-20, 10, 2e-20, 3e-20, 2e-20, 2e-20, 1
0.119653, 0.394955, 1.28833, 0.05, 0.0904681, 0.18336, -0.978435, 0.99957, 1000, 1e-20, 10, 2e-20, 3e-20, 2e-20, 2e-20, 1
0.106735, 0.440738, 1.26792, 0.05, 0.0895125, 0.187664, -0.968171, 0.990246, 1000, 1e-20, 10, 2e-20, 3e-20, 2e-20, 2e-20, 1
0.0706857, 0.473211, 1.24989, 0.05, 0.088267, 0.192705, -0.956606, 0.979807, 1000, 1e-20, 10, 2e-20, 3e-20, 2e-20, 2e-20, 1
0.0211626, 0.483674, 1.23906, 0.05, 0.0870653, 0.197131, -0.946838, 0.971052, 1000, 1e-20, 10, 2e-20, 3e-20, 2e-20, 2e-20, 1
-0.0285651, 0.469322, 1.23833, 0.05, 0.0862294, 0.199756, -0.941484, 0.966297, 1000, 1e-20, 10, 2e-20, 3e-20, 2e-20, 2e-20, 1
-0.0651736, 0.434002, 1.2479, 0.05, 0.0859833, 0.199877, -0.941979, 0.966782, 1000, 1e-20, 10, 2e-20, 3e-20, 2e-20, 2e-20, 1
-0.0788543, 0.387177, 1.26521, 0.05, 0.0863929, 0.197461, -0.94819, 0.972378, 1000, 1e-20, 10, 2e-20, 3e-20, 2e-20, 2e-20, 1
-0.0659417, 0.341392, 1.28562, 0.05, 0.0873484, 0.193157, -0.958453, 0.981617, 1000, 1e-20, 10, 2e-20, 3e-20, 2e-20, 2e-20, 1
-0.0298954, 0.308916, 1.30365, 0.05, 0.0885939, 0.188116, -0.970019, 0.992055, 1000, 1e-20, 10, 2e-20, 3e-20, 2e-20, 2e-20, 1
0.0196264, 0.298449, 1.31449, 0.05, 0.0897956, 0.18369, -0.979787, 1.00089, 1000, 1e-20, 10, 2e-20, 3e-20, 2e-20, 2e-20, 1
0.0693553, 0.312797, 1.31522, 0.05, 0.0906316, 0.181065, -0.985142, 1.00574, 1000, 1e-20, 10, 2e-20, 3e-20, 2e-20, 2e-20, 1
0.148765, 0.326663, 1.32007, 0.05, 0.0921015, 0.17621, -0.995314, 1.01498, 1000, 1e-20, 10, 2e-20, 3e-20, 2e-20, 2e-20, 1
0.16682, 0.372691, 1.30367, 0.05, 0.0917961, 0.178244, -0.989943, 1.01004, 1000, 1e-20, 10, 2e-20, 3e-20, 2e-20, 2e-20, 1
0.167215, 0.420936, 1.28402, 0.05, 0.0910849, 0.181745, -0.98136, 1.0022, 1000, 1e-20, 10, 2e-20, 3e-20, 2e-20, 2e-20, 1
0.149903, 0.465577, 1.2635, 0.05, 0.0900535, 0.186292, -0.970601, 0.992411, 1000, 1e-20, 10, 2e-20, 3e-20, 2e-20, 2e-20, 1
0.116972, 0.501231, 1.24458, 0.05, 0.0888264, 0.191335, -0.958962, 0.98189, 1000, 1e-20, 10, 2e-20, 3e-20, 2e-20, 2e-20, 1
0.0723939, 0.523598, 1.22954, 0.05, 0.0875515, 0.196266, -0.947848, 0.971906, 1000, 1e-20, 10, 2e-20, 3e-20, 2e-20, 2e-20, 1
0.0215444, 0.52998, 1.2202, 0.05, 0.0863827, 0.200491, -0.9386, 0.963654, 1000, 1e-20, 10, 2e-20, 3e-20, 2e-20, 2e-20, 1
-0.0294433, 0.519607, 1.21768, 0.05, 0.0854609, 0.2035, -0.932332, 0.958102, 1000, 1e-20, 10, 2e-20, 3e-20, 2e-20, 2e-20, 1
-0.0744195, 0.493731, 1.22229, 0.05, 0.0848972, 0.204931, -0.929801, 0.955894, 1000, 1e-20, 10, 2e-20, 3e-20, 2e-20, 2e-20, 1
-0.10796, 0.455472, 1.23347, 0.05, 0.0847597, 0.20461, -0.931311, 0.957283, 1000, 1e-20, 10, 2e-20, 3e-20, 2e-20, 2e-20, 1
-0.126019, 0.409445, 1.24987, 0.05, 0.0850649, 0.202577, -0.936682, 0.962105, 1000, 1e-20, 10, 2e-20, 3e-20, 2e-20, 2e-20, 1
-0.126419, 0.3612, 1.26952, 0.05, 0.085776, 0.199076, -0.945264, 0.9698, 1000, 1e-20, 10, 2e-20, 3e-20, 2e-20, 2e-20, 1
-0.109112, 0.316557, 1.29004, 0.05, 0.0868074, 0.19453, -0.956023, 0.979468, 1000, 1e-20, 10, 2e-20, 3e-20, 2e-20, 2e-20, 1
-0.0761847, 0.2809, 1.30896, 0.05, 0.0880344, 0.189487, -0.967661, 0.989962, 1000, 1e-20, 10, 2e-20, 3e-20, 2e-20, 2e-20, 1
-0.0316086, 0.258529, 1.324, 0.05, 0.0893093, 0.184555, -0.978775, 1.00002, 1000, 1e-20, 10, 2e-20, 3e-20, 2e-20, 2e-20, 1
0.0192401, 0.252143, 1.33334, 0.05, 0.0904782, 0.18033, -0.988025, 1.00841, 1000, 1e-20, 10, 2e-20, 3e-20, 2e-20, 2e-20, 1
0.0702285, 0.262511, 1.33586, 0.05, 0.0914001, 0.17732, -0.994293, 1.01411, 1000, 1e-20, 10, 2e-20, 3e-20, 2e-20, 2e-20, 1
0.115207, 0.288384, 1.33126, 0.05, 0.0919639, 0.175889, -0.996826, 1.01639, 1000, 1e-20, 10, 2e-20, 3e-20, 2e-20, 2e-20, 1
0.191554, 0.305196, 1.33451, 0.05, 0.0933251, 0.171477, -1.00598, 1.02475, 1000, 1e-20, 10, 2e-20, 3e-20, 2e-20, 2e-20, 1
0.211186, 0.348753, 1.31932, 0.05, 0.0930899, 0.173214, -1.0013, 1.02043, 1000, 1e-20, 10, 2e-20, 3e-20, 2e-20, 2e-20, 1
0.218831, 0.394968, 1.30146, 0.05, 0.092562, 0.176031, -0.994241, 1.01394, 1000, 1e-20, 10, 2e-20, 3e-20, 2e-20, 2e-20, 1
0.214008, 0.440938, 1.28205, 0.05, 0.0917745, 0.179751, -0.985234, 1.00569, 1000, 1e-20, 10, 2e-20, 3e-20, 2e-20, 2e-20, 1
0.197021, 0.483774, 1.26231, 0.05, 0.0907769, 0.184141, -0.974849, 0.996233, 1000, 1e-20, 10, 2e-20, 3e-20, 2e-20, 2e-20, 1
0.168937, 0.520785, 1.24348, 0.05, 0.0896319, 0.188925, -0.96374, 0.986165, 1000, 1e-20, 10, 2e-20, 3e-20, 2e-20, 2e-20, 1
0.13152, 0.549645, 1.22674, 0.05, 0.0884114, 0.193802, -0.952604, 0.976131, 1000, 1e-20, 10, 2e-20, 3e-20, 2e-20, 2e-20, 1
0.0871216, 0.568542, 1.21314, 0.05, 0.0871921, 0.198466, -0.942141, 0.966758, 1000, 1e-20, 10, 2e-20, 3e-20, 2e-20, 2e-20, 1
0.0385309, 0.576287, 1.20354, 0.05, 0.0860506, 0.202624, -0.933008, 0.958627, 1000, 1e-20, 10, 2e-20, 3e-20, 2e-20, 2e-20, 1
-0.011199, 0.572395, 1.19854, 0.05, 0.0850587, 0.206015, -0.92578, 0.952232, 1000, 1e-20, 10, 2e-20, 3e-20, 2e-20, 2e-20, 1
-0.0589437, 0.55711, 1.19846, 0.05, 0.0842786, 0.208425, -0.920909, 0.947954, 1000, 1e-20, 10, 2e-20, 3e-20, 2e-20, 2e-20, 1
-0.101703, 0.531391, 1.2033, 0.05, 0.0837594, 0.209703, -0.918703, 0.946048, 1000, 1e-20, 10, 2e-20, 3e-20, 2e-20, 2e-20, 1
-0.136791, 0.496856, 1.21275, 0.05, 0.0835337, 0.209769, -0.919299, 0.946622, 1000, 1e-20, 10, 2e-20, 3e-20, 2e-20, 2e-20, 1
-0.162003, 0.455674, 1.22623, 0.05, 0.0836156, 0.208619, -0.922661, 0.949641, 1000, 1e-20, 10, 2e-20, 3e-20, 2e-20, 2e-20, 1
-0.175754, 0.410432, 1.24288, 0.05, 0.0840001, 0.206325, -0.928577, 0.954925, 1000, 1e-20, 10, 2e-20, 3e-20, 2e-20, 2e-20, 1
-0.177181, 0.363973, 1.26166, 0.05, 0.0846629, 0.20303, -0.936676, 0.96216, 1000, 1e-20, 10, 2e-20, 3e-20, 2e-20, 2e-20, 1
-0.166194, 0.319217, 1.28139, 0.05, 0.0855625, 0.198943, -0.946448, 0.970909, 1000, 1e-20, 10, 2e-20, 3e-20, 2e-20, 2e-20, 1
-0.143483, 0.278974, 1.30083, 0.05, 0.0866422, 0.19432, -0.95728, 0.980639, 1000, 1e-20, 10, 2e-20, 3e-20, 2e-20, 2e-20, 1
-0.110476, 0.245773, 1.31876, 0.05, 0.0878344, 0.189451, -0.968491, 0.990748, 1000, 1e-20, 10, 2e-20, 3e-20, 2e-20, 2e-20, 1
-0.0692458, 0.221701, 1.33405, 0.05, 0.0890639, 0.184642, -0.979377, 1.0006, 1000, 1e-20, 10, 2e-20, 3e-20, 2e-20, 2e-20, 1
-0.0223832, 0.20827, 1.34574, 0.05, 0.0902537, 0.180196, -0.989253, 1.00957, 1000, 1e-20, 10, 2e-20, 3e-20, 2e-20, 2e-20, 1
0.0271674, 0.206324, 1.3531, 0.05, 0.091329, 0.176391, -0.997499, 1.01708, 1000, 1e-20, 10, 2e-20, 3e-20, 2e-20, 2e-20, 1
0.0762928, 0.215985, 1.35566, 0.05, 0.0922221, 0.173468, -1.0036, 1.02265, 1000, 1e-20, 10, 2e-20, 3e-20, 2e-20, 2e-20, 1
0.121906, 0.236646, 1.35327, 0.05, 0.092877, 0.171608, -1.00717, 1.02589, 1000, 1e-20, 10, 2e-20, 3e-20, 2e-20, 2e-20, 1
0.161142, 0.267009, 1.34607, 0.05, 0.0932526, 0.17093, -1.00798, 1.02661, 1000, 1e-20, 10, 2e-20, 3e-20, 2e-20, 2e-20, 1
0.0274999, 0.369174, 1.22317, 0.05, 0.0787889, 0.19966, -0.968368, 0.991871, 1000, 1e-20, 10, 2e-20, 3e-20, 2e-20, 2e-20, 1
0.0702886, 0.347708, 1.2376, 0.05, 0.0800125, 0.194927, -0.979035, 1.00145, 1000, 1e-20, 10, 2e-20, 3e-20, 2e-20, 2e-20, 1
0.070668, 0.394012, 1.21875, 0.05, 0.0793299, 0.198287, -0.970797, 0.994011, 1000, 1e-20, 10, 2e-20, 3e-20, 2e-20, 2e-20, 1
0.0278816, 0.41548, 1.20431, 0.05, 0.0781063, 0.203021, -0.96013, 0.984463, 1000, 1e-20, 10, 2e-20, 3e-20, 2e-20, 2e-20, 1
-0.0152864, 0.390644, 1.20873, 0.05, 0.0775653, 0.204394, -0.9577, 0.982335, 1000, 1e-20, 10, 2e-20, 3e-20, 2e-20, 2e-20, 1
-0.0156705, 0.344339, 1.22759, 0.05, 0.0782478, 0.201033, -0.965937, 0.989733, 1000, 1e-20, 10, 2e-20, 3e-20, 2e-20, 2e-20, 1
0.0271135, 0.322868, 1.24203, 0.05, 0.0794714, 0.1963, -0.976605, 0.999303, 1000, 1e-20, 10, 2e-20, 3e-20, 2e-20, 2e-20, 1
0.113077, 0.326241, 1.25204, 0.05, 0.0812361, 0.190194, -0.989702, 1.01108, 1000, 1e-20, 10, 2e-20, 3e-20, 2e-20, 2e-20, 1
0.126753, 0.373068, 1.23473, 0.05, 0.0808265, 0.19261, -0.98349, 1.00543, 1000, 1e-20, 10, 2e-20, 3e-20, 2e-20, 2e-20, 1
0.113836, 0.418851, 1.21432, 0.05, 0.0798708, 0.196915, -0.973226, 0.996154, 1000, 1e-20, 10, 2e-20, 3e-20, 2e-20, 2e-20, 1
0.0777865, 0.451324, 1.19629, 0.05, 0.0786253, 0.201955, -0.96166, 0.985778, 1000, 1e-20, 10, 2e-20, 3e-20, 2e-20, 2e-20, 1
0.0282634, 0.461786, 1.18545, 0.05, 0.0774236, 0.206381, -0.951892, 0.97708, 1000, 1e-20, 10, 2e-20, 3e-20, 2e-20, 2e-20, 1
-0.0214643, 0.447435, 1.18473, 0.05, 0.0765877, 0.209006, -0.946538, 0.97236, 1000, 1e-20, 10, 2e-20, 3e-20, 2e-20, 2e-20, 1
-0.0580728, 0.412114, 1.1943, 0.05, 0.0763416, 0.209127, -0.947033, 0.972848, 1000, 1e-20, 10, 2e-20, 3e-20, 2e-20, 2e-20, 1
-0.0717535, 0.365289, 1.21161, 0.05, 0.0767512, 0.206711, -0.953244, 0.978414, 1000, 1e-20, 10, 2e-20, 3e-20, 2e-20, 2e-20, 1
-0.0588409, 0.319505, 1.23201, 0.05, 0.0777067, 0.202407, -0.963507, 0.9876, 1000, 1e-20, 10, 2e-20, 3e-20, 2e-20, 2e-20, 1
-0.0227946, 0.287028, 1.25005, 0.05, 0.0789522, 0.197366, -0.975073, 0.997975, 1000, 1e-20, 10, 2e-20, 3e-20, 2e-20, 2e-20, 1
0.0267272, 0.276562, 1.26088, 0.05, 0.080154, 0.19294, -0.984842, 1.00676, 1000, 1e-20, 10, 2e-20, 3e-20, 2e-20, 2e-20, 1
0.0764561, 0.290909, 1.26161, 0.05, 0.0809899, 0.190315, -0.990197, 1.01157, 1000, 1e-20, 10, 2e-20, 3e-20, 2e-20, 2e-20, 1
0.155866, 0.304775, 1.26647, 0.05, 0.0824598, 0.185461, -1.00037, 1.02075, 1000, 1e-20, 10, 2e-20, 3e-20, 2e-20, 2e-20, 1
0.173921, 0.350804, 1.25007, 0.05, 0.0821544, 0.187494, -0.994997, 1.01584, 1000, 1e-20, 10, 2e-20, 3e-20, 2e-20, 2e-20, 1
0.174316, 0.399048, 1.23042, 0.05, 0.0814432, 0.190996, -0.986414, 1.00803, 1000, 1e-20, 10, 2e-20, 3e-20, 2e-20, 2e-20, 1
0.157004, 0.443689, 1.2099, 0.05, 0.0804118, 0.195542, -0.975655, 0.998301, 1000, 1e-20, 10, 2e-20, 3e-20, 2e-20, 2e-20, 1
0.124073, 0.479343, 1.19098, 0.05, 0.0791847, 0.200585, -0.964016, 0.987842, 1000, 1e-20, 10, 2e-20, 3e-20, 2e-20, 2e-20, 1
0.0794946, 0.50171, 1.17594, 0.05, 0.0779098, 0.205516, -0.952903, 0.977921, 1000, 1e-20, 10, 2e-20, 3e-20, 2e-20, 2e-20, 1
0.0286451, 0.508092, 1.1666, 0.05, 0.076741, 0.209741, -0.943654, 0.969724, 1000, 1e-20, 10, 2e-20, 3e-20, 2e-20, 2e-20, 1
-0.0223425, 0.49772, 1.16408, 0.05, 0.0758192, 0.212751, -0.937386, 0.964212, 1000, 1e-20, 10, 2e-20, 3e-20, 2e-20, 2e-20, 1
-0.0673187, 0.471843, 1.16869, 0.05, 0.0752555, 0.214181, -0.934855, 0.962024, 1000, 1e-20, 10, 2e-20, 3e-20, 2e-20, 2e-20, 1
-0.100859, 0.433585, 1.17986, 0.05, 0.075118, 0.21386, -0.936366, 0.96341, 1000, 1e-20, 10, 2e-20, 3e-20, 2e-20, 2e-20, 1
-0.118918, 0.387557, 1.19627, 0.05, 0.0754232, 0.211827, -0.941736, 0.968207, 1000, 1e-20, 10, 2e-20, 3e-20, 2e-20, 2e-20, 1
-0.119319, 0.339313, 1.21591, 0.05, 0.0761344, 0.208326, -0.950318, 0.975859, 1000, 1e-20, 10, 2e-20, 3e-20, 2e-20, 2e-20, 1
-0.102011, 0.29467, 1.23643, 0.05, 0.0771657, 0.20378, -0.961077, 0.98547, 1000, 1e-20, 10, 2e-20, 3e-20, 2e-20, 2e-20, 1
-0.0690839, 0.259013, 1.25536, 0.05, 0.0783928, 0.198737, -0.972716, 0.9959, 1000, 1e-20, 10, 2e-20, 3e-20, 2e-20, 2e-20, 1
-0.0245078, 0.236642, 1.2704, 0.05, 0.0796676, 0.193806, -0.98383, 1.0059, 1000, 1e-20, 10, 2e-20, 3e-20, 2e-20, 2e-20, 1
0.0263408, 0.230255, 1.27974, 0.05, 0.0808365, 0.18958, -0.993079, 1.01424, 1000, 1e-20, 10, 2e-20, 3e-20, 2e-20, 2e-20, 1
0.0773293, 0.240624, 1.28226, 0.05, 0.0817584, 0.186571, -0.999348, 1.0199, 1000, 1e-20, 10, 2e-20, 3e-20, 2e-20, 2e-20, 1
0.122308, 0.266496, 1.27765, 0.05, 0.0823222, 0.18514, -1.00188, 1.02216, 1000, 1e-20, 10, 2e-20, 3e-20, 2e-20, 2e-20, 1
0.198655, 0.283309, 1.2809, 0.05, 0.0836834, 0.180727, -1.01104, 1.03047, 1000, 1e-20, 10, 2e-20, 3e-20, 2e-20, 2e-20, 1
0.218287, 0.326866, 1.26572, 0.05, 0.0834482, 0.182464, -1.00636, 1.02617, 1000, 1e-20, 10, 2e-20, 3e-20, 2e-20, 2e-20, 1
0.225931, 0.373081, 1.24786, 0.05, 0.0829203, 0.185281, -0.999295, 1.0197, 1000, 1e-20, 10, 2e-20, 3e-20, 2e-20, 2e-20, 1
0.221109, 0.41905, 1.22845, 0.05, 0.0821328, 0.189001, -0.990288, 1.0115, 1000, 1e-20, 10, 2e-20, 3e-20, 2e-20, 2e-20, 1
0.204122, 0.461886, 1.20871, 0.05, 0.0811352, 0.193391, -0.979904, 1.00209, 1000, 1e-20, 10, 2e-20, 3e-20, 2e-20, 2e-20, 1
0.176038, 0.498897, 1.18988, 0.05, 0.0799902, 0.198175, -0.968795, 0.992086, 1000, 1e-20, 10, 2e-20, 3e-20, 2e-20, 2e-20, 1
0.138621, 0.527758, 1.17314, 0.05, 0.0787697, 0.203052, -0.957659, 0.982113, 1000, 1e-20, 10, 2e-20, 3e-20, 2e-20, 2e-20, 1
0.0942224, 0.546654, 1.15954, 0.05, 0.0775504, 0.207717, -0.947196, 0.9728, 1000, 1e-20, 10, 2e-20, 3e-20, 2e-20, 2e-20, 1
0.0456317, 0.5544, 1.14994, 0.05, 0.076409, 0.211875, -0.938063, 0.964723, 1000, 1e-20, 10, 2e-20, 3e-20, 2e-20, 2e-20, 1
-0.00409826, 0.550507, 1.14494, 0.05, 0.075417, 0.215265, -0.930834, 0.958373, 1000, 1e-20, 10, 2e-20, 3e-20, 2e-20, 2e-20, 1
-0.0518429, 0.535222, 1.14486, 0.05, 0.0746369, 0.217675, -0.925963, 0.954129, 1000, 1e-20, 10, 2e-20, 3e-20, 2e-20, 2e-20, 1
-0.0946024, 0.509504, 1.14969, 0.05, 0.0741177, 0.218953, -0.923757, 0.95224, 1000, 1e-20, 10, 2e-20, 3e-20, 2e-20, 2e-20, 1
-0.12969, 0.474969, 1.15915, 0.05, 0.073892, 0.219019, -0.924354, 0.952817, 1000, 1e-20, 10, 2e-20, 3e-20, 2e-20, 2e-20, 1
-0.154902, 0.433786, 1.17262, 0.05, 0.0739739, 0.217869, -0.927716, 0.955822, 1000, 1e-20, 10, 2e-20, 3e-20, 2e-20, 2e-20, 1
-0.168653, 0.388545, 1.18928, 0.05, 0.0743584, 0.215575, -0.933632, 0.961078, 1000, 1e-20, 10, 2e-20, 3e-20, 2e-20, 2e-20, 1
-0.17008, 0.342086, 1.20806, 0.05, 0.0750212, 0.21228, -0.94173, 0.96827, 1000, 1e-20, 10, 2e-20, 3e-20, 2e-20, 2e-20, 1
-0.159093, 0.297329, 1.22779, 0.05, 0.0759208, 0.208193, -0.951503, 0.976968, 1000, 1e-20, 10, 2e-20, 3e-20, 2e-20, 2e-20, 1
-0.136383, 0.257086, 1.24723, 0.05, 0.0770005, 0.20357, -0.962334, 0.986639, 1000, 1e-20, 10, 2e-20, 3e-20, 2e-20, 2e-20, 1
-0.103375, 0.223886, 1.26516, 0.05, 0.0781927, 0.198701, -0.973545, 0.996688, 1000, 1e-20, 10, 2e-20, 3e-20, 2e-20, 2e-20, 1
-0.062145, 0.199814, 1.28045, 0.05, 0.0794223, 0.193892, -0.984431, 1.00648, 1000, 1e-20, 10, 2e-20, 3e-20, 2e-20, 2e-20, 1
-0.0152824, 0.186383, 1.29214, 0.05, 0.080612, 0.189446, -0.994307, 1.0154, 1000, 1e-20, 10, 2e-20, 3e-20, 2e-20, 2e-20, 1
0.0342682, 0.184437, 1.2995, 0.05, 0.0816873, 0.185641, -1.00255, 1.02286, 1000, 1e-20, 10, 2e-20, 3e-20, 2e-20, 2e-20, 1
0.0833935, 0.194097, 1.30206, 0.05, 0.0825804, 0.182718, -1.00865, 1.02839, 1000, 1e-20, 10, 2e-20, 3e-20, 2e-20, 2e-20, 1
0.129007, 0.214758, 1.29967, 0.05, 0.0832353, 0.180858, -1.01222, 1.03161, 1000, 1e-20, 10, 2e-20, 3e-20, 2e-20, 2e-20, 1
0.168243, 0.245121, 1.29247, 0.05, 0.0836109, 0.18018, -1.01303, 1.03232, 1000, 1e-20, 10, 2e-20, 3e-20, 2e-20, 2e-20, 1
0.0346007, 0.347286, 1.16957, 0.05, 0.0691472, 0.20891, -0.973422, 0.997985, 1000, 1e-20, 10, 2e-20, 3e-20, 2e-20, 2e-20, 1
0.0773893, 0.32582, 1.184, 0.05, 0.0703708, 0.204177, -0.984089, 1.00751, 1000, 1e-20, 10, 2e-20, 3e-20, 2e-20, 2e-20, 1
0.0777688, 0.372125, 1.16514, 0.05, 0.0696882, 0.207538, -0.975851, 1.00011, 1000, 1e-20, 10, 2e-20, 3e-20, 2e-20, 2e-20, 1
0.0349824, 0.393593, 1.15071, 0.05, 0.0684646, 0.212271, -0.965184, 0.990619, 1000, 1e-20, 10, 2e-20, 3e-20, 2e-20, 2e-20, 1
-0.00818566, 0.368757, 1.15513, 0.05, 0.0679236, 0.213644, -0.962755, 0.988511, 1000, 1e-20, 10, 2e-20, 3e-20, 2e-20, 2e-20, 1
-0.0085697, 0.322452, 1.17399, 0.05, 0.0686061, 0.210284, -0.970992, 0.995867, 1000, 1e-20, 10, 2e-20, 3e-20, 2e-20, 2e-20, 1
0.0342143, 0.30098, 1.18842, 0.05, 0.0698297, 0.20555, -0.981659, 1.00538, 1000, 1e-20, 10, 2e-20, 3e-20, 2e-20, 2e-20, 1
0.120178, 0.304354, 1.19843, 0.05, 0.0715945, 0.199444, -0.994756, 1.01708, 1000, 1e-20, 10, 2e-20, 3e-20, 2e-20, 2e-20, 1
0.133854, 0.35118, 1.18112, 0.05, 0.0711848, 0.20186, -0.988544, 1.01145, 1000, 1e-20, 10, 2e-20, 3e-20, 2e-20, 2e-20, 1
0.120937, 0.396963, 1.16072, 0.05, 0.0702291, 0.206165, -0.97828, 1.00223, 1000, 1e-20, 10, 2e-20, 3e-20, 2e-20, 2e-20, 1
0.0848873, 0.429436, 1.14268, 0.05, 0.0689836, 0.211205, -0.966715, 0.991919, 1000, 1e-20, 10, 2e-20, 3e-20, 2e-20, 2e-20, 1
0.0353642, 0.439899, 1.13185, 0.05, 0.067782, 0.215631, -0.956946, 0.983279, 1000, 1e-20, 10, 2e-20, 3e-20, 2e-20, 2e-20, 1
-0.0143635, 0.425547, 1.13112, 0.05, 0.0669461, 0.218256, -0.951592, 0.978594, 1000, 1e-20, 10, 2e-20, 3e-20, 2e-20, 2e-20, 1
-0.050972, 0.390227, 1.1407, 0.05, 0.0666999, 0.218377, -0.952087, 0.979085, 1000, 1e-20, 10, 2e-20, 3e-20, 2e-20, 2e-20, 1
-0.0646527, 0.343401, 1.158, 0.05, 0.0671095, 0.215962, -0.958298, 0.984621, 1000, 1e-20, 10, 2e-20, 3e-20, 2e-20, 2e-20, 1
-0.0517401, 0.297617, 1.17841, 0.05, 0.0680651, 0.211657, -0.968562, 0.993752, 1000, 1e-20, 10, 2e-20, 3e-20, 2e-20, 2e-20, 1
-0.0156938, 0.265141, 1.19645, 0.05, 0.0693105, 0.206616, -0.980127, 1.00406, 1000, 1e-20, 10, 2e-20, 3e-20, 2e-20, 2e-20, 1
0.033828, 0.254674, 1.20728, 0.05, 0.0705123, 0.20219, -0.989896, 1.01279, 1000, 1e-20, 10, 2e-20, 3e-20, 2e-20, 2e-20, 1
0.0835568, 0.269021, 1.20801, 0.05, 0.0713482, 0.199565, -0.995251, 1.01757, 1000, 1e-20, 10, 2e-20, 3e-20, 2e-20, 2e-20, 1
0.162967, 0.282887, 1.21287, 0.05, 0.0728181, 0.194711, -1.00542, 1.02669, 1000, 1e-20, 10, 2e-20, 3e-20, 2e-20, 2e-20, 1
0.181021, 0.328916, 1.19646, 0.05, 0.0725127, 0.196745, -1.00005, 1.0218, 1000, 1e-20, 10, 2e-20, 3e-20, 2e-20, 2e-20, 1
0.181417, 0.37716, 1.17682, 0.05, 0.0718015, 0.200246, -0.991469, 1.01403, 1000, 1e-20, 10, 2e-20, 3e-20, 2e-20, 2e-20, 1
0.164105, 0.421802, 1.15629, 0.05, 0.0707701, 0.204792, -0.980709, 1.00436, 1000, 1e-20, 10, 2e-20, 3e-20, 2e-20, 2e-20, 1
0.131174, 0.457456, 1.13737, 0.05, 0.069543, 0.209835, -0.969071, 0.993964, 1000, 1e-20, 10, 2e-20, 3e-20, 2e-20, 2e-20, 1
0.0865954, 0.479823, 1.12234, 0.05, 0.0682682, 0.214766, -0.957957, 0.984107, 1000, 1e-20, 10, 2e-20, 3e-20, 2e-20, 2e-20, 1
0.0357459, 0.486205, 1.11299, 0.05, 0.0670993, 0.218991, -0.948709, 0.975965, 1000, 1e-20, 10, 2e-20, 3e-20, 2e-20, 2e-20, 1
-0.0152417, 0.475832, 1.11047, 0.05, 0.0661775, 0.222001, -0.942441, 0.970494, 1000, 1e-20, 10, 2e-20, 3e-20, 2e-20, 2e-20, 1
-0.0602179, 0.449956, 1.11508, 0.05, 0.0656138, 0.223431, -0.939909, 0.968327, 1000, 1e-20, 10, 2e-20, 3e-20, 2e-20, 2e-20, 1
-0.0937583, 0.411697, 1.12626, 0.05, 0.0654763, 0.22311, -0.94142, 0.96971, 1000, 1e-20, 10, 2e-20, 3e-20, 2e-20, 2e-20, 1
-0.111818, 0.36567, 1.14266, 0.05, 0.0657815, 0.221077, -0.94679, 0.974481, 1000, 1e-20, 10, 2e-20, 3e-20, 2e-20, 2e-20, 1
-0.112218, 0.317425, 1.16231, 0.05, 0.0664927, 0.217576, -0.955372, 0.982088, 1000, 1e-20, 10, 2e-20, 3e-20, 2e-20, 2e-20, 1
-0.0949105, 0.272782, 1.18283, 0.05, 0.067524, 0.21303, -0.966132, 0.991641, 1000, 1e-20, 10, 2e-20, 3e-20, 2e-20, 2e-20, 1
-0.0619831, 0.237125, 1.20175, 0.05, 0.0687511, 0.207987, -0.97777, 1.00201, 1000, 1e-20, 10, 2e-20, 3e-20, 2e-20, 2e-20, 1
-0.017407, 0.214754, 1.21679, 0.05, 0.0700259, 0.203056, -0.988884, 1.01194, 1000, 1e-20, 10, 2e-20, 3e-20, 2e-20, 2e-20, 1
0.0334416, 0.208368, 1.22614, 0.05, 0.0711948, 0.19883, -0.998133, 1.02023, 1000, 1e-20, 10, 2e-20, 3e-20, 2e-20, 2e-20, 1
0.08443, 0.218736, 1.22866, 0.05, 0.0721167, 0.195821, -1.0044, 1.02585, 1000, 1e-20, 10, 2e-20, 3e-20, 2e-20, 2e-20, 1
0.129409, 0.244608, 1.22405, 0.05, 0.0726805, 0.19439, -1.00693, 1.0281, 1000, 1e-20, 10, 2e-20, 3e-20, 2e-20, 2e-20, 1
0.205755, 0.261421, 1.2273, 0.05, 0.0740417, 0.189977, -1.01609, 1.03635, 1000, 1e-20, 10, 2e-20, 3e-20, 2e-20, 2e-20, 1
0.225387, 0.304978, 1.21212, 0.05, 0.0738065, 0.191714, -1.01141, 1.03206, 1000, 1e-20, 10, 2e-20, 3e-20, 2e-20, 2e-20, 1
0.233032, 0.351193, 1.19426, 0.05, 0.0732786, 0.194531, -1.00435, 1.02564, 1000, 1e-20, 10, 2e-20, 3e-20, 2e-20, 2e-20, 1
0.22821, 0.397163, 1.17485, 0.05, 0.0724911, 0.198251, -0.995342, 1.01748, 1000, 1e-20, 10, 2e-20, 3e-20, 2e-20, 2e-20, 1
0.211223, 0.439999, 1.15511, 0.05, 0.0714935, 0.202641, -0.984958, 1.00813, 1000, 1e-20, 10, 2e-20, 3e-20, 2e-20, 2e-20, 1
0.183139, 0.47701, 1.13627, 0.05, 0.0703485, 0.207425, -0.973849, 0.998176, 1000, 1e-20, 10, 2e-20, 3e-20, 2e-20, 2e-20, 1
0.145722, 0.50587, 1.11953, 0.05, 0.069128, 0.212303, -0.962713, 0.988265, 1000, 1e-20, 10, 2e-20, 3e-20, 2e-20, 2e-20, 1
0.101323, 0.524767, 1.10593, 0.05, 0.0679087, 0.216967, -0.95225, 0.979013, 1000, 1e-20, 10, 2e-20, 3e-20, 2e-20, 2e-20, 1
0.0527325, 0.532512, 1.09634, 0.05, 0.0667673, 0.221125, -0.943117, 0.970991, 1000, 1e-20, 10, 2e-20, 3e-20, 2e-20, 2e-20, 1
0.00300253, 0.52862, 1.09134, 0.05, 0.0657753, 0.224515, -0.935888, 0.964687, 1000, 1e-20, 10, 2e-20, 3e-20, 2e-20, 2e-20, 1
-0.0447421, 0.513334, 1.09125, 0.05, 0.0649952, 0.226925, -0.931018, 0.960476, 1000, 1e-20, 10, 2e-20, 3e-20, 2e-20, 2e-20, 1
-0.0875016, 0.487616, 1.09609, 0.05, 0.064476, 0.228204, -0.928811, 0.958606, 1000, 1e-20, 10, 2e-20, 3e-20, 2e-20, 2e-20, 1
-0.122589, 0.453081, 1.10554, 0.05, 0.0642503, 0.22827, -0.929408, 0.959184, 1000, 1e-20, 10, 2e-20, 3e-20, 2e-20, 2e-20, 1
-0.147801, 0.411899, 1.11902, 0.05, 0.0643322, 0.227119, -0.93277, 0.962175, 1000, 1e-20, 10, 2e-20, 3e-20, 2e-20, 2e-20, 1
-0.161552, 0.366657, 1.13567, 0.05, 0.0647167, 0.224825, -0.938686, 0.967402, 1000, 1e-20, 10, 2e-20, 3e-20, 2e-20, 2e-20, 1
-0.162979, 0.320198, 1.15445, 0.05, 0.0653795, 0.221531, -0.946785, 0.974552, 1000, 1e-20, 10, 2e-20, 3e-20, 2e-20, 2e-20, 1
-0.151992, 0.275441, 1.17418, 0.05, 0.0662791, 0.217443, -0.956557, 0.983197, 1000, 1e-20, 10, 2e-20, 3e-20, 2e-20, 2e-20, 1
-0.129282, 0.235199, 1.19363, 0.05, 0.0673589, 0.21282, -0.967389, 0.992809, 1000, 1e-20, 10, 2e-20, 3e-20, 2e-20, 2e-20, 1
-0.0962744, 0.201998, 1.21155, 0.05, 0.068551, 0.207951, -0.9786, 1.0028, 1000, 1e-20, 10, 2e-20, 3e-20, 2e-20, 2e-20, 1
-0.0550442, 0.177926, 1.22685, 0.05, 0.0697806, 0.203142, -0.989485, 1.01253, 1000, 1e-20, 10, 2e-20, 3e-20, 2e-20, 2e-20, 1
-0.00818161, 0.164495, 1.23854, 0.05, 0.0709704, 0.198696, -0.999361, 1.02139, 1000, 1e-20, 10, 2e-20, 3e-20, 2e-20, 2e-20, 1
0.041369, 0.162549, 1.2459, 0.05, 0.0720456, 0.194892, -1.00761, 1.02881, 1000, 1e-20, 10, 2e-20, 3e-20, 2e-20, 2e-20, 1
0.0904943, 0.17221, 1.24846, 0.05, 0.0729387, 0.191968, -1.01371, 1.0343, 1000, 1e-20, 10, 2e-20, 3e-20, 2e-20, 2e-20, 1
0.136108, 0.192871, 1.24606, 0.05, 0.0735937, 0.190109, -1.01727, 1.0375, 1000, 1e-20, 10, 2e-20, 3e-20, 2e-20, 2e-20, 1
0.175344, 0.223234, 1.23886, 0.05, 0.0739692, 0.189431, -1.01809, 1.0382, 1000, 1e-20, 10, 2e-20, 3e-20, 2e-20, 2e-20, 1
0.0417015, 0.325399, 1.11596, 0.05, 0.0595055, 0.218161, -0.978476, 1.00427, 1000, 1e-20, 10, 2e-20, 3e-20, 2e-20, 2e-20, 1
0.0844901, 0.303933, 1.1304, 0.05, 0.0607291, 0.213427, -0.989143, 1.01373, 1000, 1e-20, 10, 2e-20, 3e-20, 2e-20, 2e-20, 1
0.0848696, 0.350237, 1.11154, 0.05, 0.0600465, 0.216788, -0.980905, 1.00637, 1000, 1e-20, 10, 2e-20, 3e-20, 2e-20, 2e-20, 1
0.0420832, 0.371705, 1.09711, 0.05, 0.0588229, 0.221521, -0.970238, 0.996942, 1000, 1e-20, 10, 2e-20, 3e-20, 2e-20, 2e-20, 1
-0.00108487, 0.346869, 1.10153, 0.05, 0.0582819, 0.222894, -0.967809, 0.994853, 1000, 1e-20, 10, 2e-20, 3e-20, 2e-20, 2e-20, 1
-0.00146891, 0.300564, 1.12038, 0.05, 0.0589644, 0.219534, -0.976046, 1.00217, 1000, 1e-20, 10, 2e-20, 3e-20, 2e-20, 2e-20, 1
0.0413151, 0.279093, 1.13482, 0.05, 0.0601881, 0.2148, -0.986713, 1.01162, 1000, 1e-20, 10, 2e-20, 3e-20, 2e-20, 2e-20, 1
0.127279, 0.282466, 1.14483, 0.05, 0.0619528, 0.208694, -0.99981, 1.02324, 1000, 1e-20, 10, 2e-20, 3e-20, 2e-20, 2e-20, 1
0.140955, 0.329293, 1.12752, 0.05, 0.0615431, 0.21111, -0.993598, 1.01764, 1000, 1e-20, 10, 2e-20, 3e-20, 2e-20, 2e-20, 1
0.128038, 0.375076, 1.10712, 0.05, 0.0605875, 0.215415, -0.983334, 1.00847, 1000, 1e-20, 10, 2e-20, 3e-20, 2e-20, 2e-20, 1
0.0919881, 0.407549, 1.08908, 0.05, 0.059342, 0.220455, -0.971769, 0.998227, 1000, 1e-20, 10, 2e-20, 3e-20, 2e-20, 2e-20, 1
0.042465, 0.418011, 1.07825, 0.05, 0.0581403, 0.224881, -0.962001, 0.989645, 1000, 1e-20, 10, 2e-20, 3e-20, 2e-20, 2e-20, 1
-0.0072627, 0.403659, 1.07752, 0.05, 0.0573044, 0.227506, -0.956647, 0.984995, 1000, 1e-20, 10, 2e-20, 3e-20, 2e-20, 2e-20, 1
-0.0438712, 0.368339, 1.08709, 0.05, 0.0570583, 0.227627, -0.957142, 0.98549, 1000, 1e-20, 10, 2e-20, 3e-20, 2e-20, 2e-20, 1
-0.0575519, 0.321514, 1.1044, 0.05, 0.0574678, 0.225212, -0.963353, 0.990995, 1000, 1e-20, 10, 2e-20, 3e-20, 2e-20, 2e-20, 1
-0.0446393, 0.275729, 1.12481, 0.05, 0.0584234, 0.220907, -0.973616, 1.00007, 1000, 1e-20, 10, 2e-20, 3e-20, 2e-20, 2e-20, 1
-0.00859306, 0.243253, 1.14284, 0.05, 0.0596689, 0.215866, -0.985181, 1.01032, 1000, 1e-20, 10, 2e-20, 3e-20, 2e-20, 2e-20, 1
0.0409288, 0.232786, 1.15368, 0.05, 0.0608706, 0.21144, -0.99495, 1.01899, 1000, 1e-20, 10, 2e-20, 3e-20, 2e-20, 2e-20, 1
0.0906576, 0.247134, 1.15441, 0.05, 0.0617066, 0.208815, -1.00031, 1.02373, 1000, 1e-20, 10, 2e-20, 3e-20, 2e-20, 2e-20, 1
0.170067, 0.261, 1.15926, 0.05, 0.0631764, 0.203961, -1.01048, 1.03279, 1000, 1e-20, 10, 2e-20, 3e-20, 2e-20, 2e-20, 1
0.188122, 0.307029, 1.14286, 0.05, 0.0628711, 0.205995, -1.00511, 1.02792, 1000, 1e-20, 10, 2e-20, 3e-20, 2e-20, 2e-20, 1
0.188518, 0.355273, 1.12321, 0.05, 0.0621598, 0.209496, -0.996523, 1.0202, 1000, 1e-20, 10, 2e-20, 3e-20, 2e-20, 2e-20, 1
0.171206, 0.399914, 1.10269, 0.05, 0.0611284, 0.214042, -0.985764, 1.01058, 1000, 1e-20, 10, 2e-20, 3e-20, 2e-20, 2e-20, 1
0.138275, 0.435568, 1.08377, 0.05, 0.0599013, 0.219085, -0.974125, 1.00025, 1000, 1e-20, 10, 2e-20, 3e-20, 2e-20, 2e-20, 1
0.0936962, 0.457935, 1.06873, 0.05, 0.0586265, 0.224016, -0.963011, 0.99046, 1000, 1e-20, 10, 2e-20, 3e-20, 2e-20, 2e-20, 1
0.0428467, 0.464317, 1.05939, 0.05, 0.0574576, 0.228242, -0.953763, 0.982374, 1000, 1e-20, 10, 2e-20, 3e-20, 2e-20, 2e-20, 1
-0.00814091, 0.453944, 1.05687, 0.05, 0.0565358, 0.231251, -0.947495, 0.976944, 1000, 1e-20, 10, 2e-20, 3e-20, 2e-20, 2e-20, 1
-0.0531172, 0.428068, 1.06148, 0.05, 0.0559721, 0.232681, -0.944964, 0.974797, 1000, 1e-20, 10, 2e-20, 3e-20, 2e-20, 2e-20, 1
-0.0866575, 0.389809, 1.07266, 0.05, 0.0558346, 0.232361, -0.946474, 0.976177, 1000, 1e-20, 10, 2e-20, 3e-20, 2e-20, 2e-20, 1
-0.104717, 0.343782, 1.08906, 0.05, 0.0561398, 0.230327, -0.951844, 0.980923, 1000, 1e-20, 10, 2e-20, 3e-20, 2e-20, 2e-20, 1
-0.105117, 0.295538, 1.10871, 0.05, 0.056851, 0.226826, -0.960427, 0.988485, 1000, 1e-20, 10, 2e-20, 3e-20, 2e-20, 2e-20, 1
-0.0878097, 0.250895, 1.12923, 0.05, 0.0578823, 0.22228, -0.971186, 0.997978, 1000, 1e-20, 10, 2e-20, 3e-20, 2e-20, 2e-20, 1
-0.0548823, 0.215237, 1.14815, 0.05, 0.0591094, 0.217237, -0.982824, 1.00828, 1000, 1e-20, 10, 2e-20, 3e-20, 2e-20, 2e-20, 1
-0.0103062, 0.192867, 1.16319, 0.05, 0.0603842, 0.212306, -0.993938, 1.01815, 1000, 1e-20, 10, 2e-20, 3e-20, 2e-20, 2e-20, 1
0.0405424, 0.18648, 1.17253, 0.05, 0.0615531, 0.20808, -1.00319, 1.02639, 1000, 1e-20, 10, 2e-20, 3e-20, 2e-20, 2e-20, 1
0.0915308, 0.196848, 1.17505, 0.05, 0.062475, 0.205071, -1.00946, 1.03197, 1000, 1e-20, 10, 2e-20, 3e-20, 2e-20, 2e-20, 1
0.136509, 0.222721, 1.17045, 0.05, 0.0630388, 0.20364, -1.01199, 1.0342, 1000, 1e-20, 10, 2e-20, 3e-20, 2e-20, 2e-20, 1
0.212856, 0.239534, 1.1737, 0.05, 0.0644, 0.199228, -1.02114, 1.04239, 1000, 1e-20, 10, 2e-20, 3e-20, 2e-20, 2e-20, 1
0.232488, 0.28309, 1.15851, 0.05, 0.0641649, 0.200964, -1.01647, 1.03813, 1000, 1e-20, 10, 2e-20, 3e-20, 2e-20, 2e-20, 1
0.240133, 0.329306, 1.14065, 0.05, 0.0636369, 0.203781, -1.0094, 1.03173, 1000, 1e-20, 10, 2e-20, 3e-20, 2e-20, 2e-20, 1
0.23531, 0.375275, 1.12124, 0.05, 0.0628494, 0.207501, -1.0004, 1.02362, 1000, 1e-20, 10, 2e-20, 3e-20, 2e-20, 2e-20, 1
0.218323, 0.418111, 1.1015, 0.05, 0.0618519, 0.211891, -0.990012, 1.01432, 1000, 1e-20, 10, 2e-20, 3e-20, 2e-20, 2e-20, 1
0.190239, 0.455122, 1.08267, 0.05, 0.0607068, 0.216675, -0.978903, 1.00443, 1000, 1e-20, 10, 2e-20, 3e-20, 2e-20, 2e-20, 1
0.152822, 0.483982, 1.06593, 0.05, 0.0594863, 0.221553, -0.967767, 0.994584, 1000, 1e-20, 10, 2e-20, 3e-20, 2e-20, 2e-20, 1
0.108424, 0.502879, 1.05233, 0.05, 0.0582671, 0.226217, -0.957304, 0.985394, 1000, 1e-20, 10, 2e-20, 3e-20, 2e-20, 2e-20, 1
0.0598332, 0.510624, 1.04273, 0.05, 0.0571256, 0.230375, -0.948171, 0.977428, 1000, 1e-20, 10, 2e-20, 3e-20, 2e-20, 2e-20, 1
0.0101033, 0.506732, 1.03773, 0.05, 0.0561336, 0.233765, -0.940943, 0.97117, 1000, 1e-20, 10, 2e-20, 3e-20, 2e-20, 2e-20, 1
-0.0376413, 0.491447, 1.03765, 0.05, 0.0553536, 0.236175, -0.936072, 0.966992, 1000, 1e-20, 10, 2e-20, 3e-20, 2e-20, 2e-20, 1
-0.0804008, 0.465729, 1.04249, 0.05, 0.0548343, 0.237454, -0.933866, 0.965141, 1000, 1e-20, 10, 2e-20, 3e-20, 2e-20, 2e-20, 1
-0.115489, 0.431193, 1.05194, 0.05, 0.0546086, 0.23752, -0.934462, 0.965721, 1000, 1e-20, 10, 2e-20, 3e-20, 2e-20, 2e-20, 1
-0.1407, 0.390011, 1.06542, 0.05, 0.0546905, 0.236369, -0.937824, 0.968698, 1000, 1e-20, 10, 2e-20, 3e-20, 2e-20, 2e-20, 1
-0.154451, 0.344769, 1.08207, 0.05, 0.055075, 0.234075, -0.94374, 0.973894, 1000, 1e-20, 10, 2e-20, 3e-20, 2e-20, 2e-20, 1
-0.155878, 0.298311, 1.10085, 0.05, 0.0557379, 0.230781, -0.951839, 0.981001, 1000, 1e-20, 10, 2e-20, 3e-20, 2e-20, 2e-20, 1
-0.144892, 0.253554, 1.12058, 0.05, 0.0566374, 0.226694, -0.961611, 0.989593, 1000, 1e-20, 10, 2e-20, 3e-20, 2e-20, 2e-20, 1
-0.122181, 0.213311, 1.14002, 0.05, 0.0577172, 0.22207, -0.972443, 0.999146, 1000, 1e-20, 10, 2e-20, 3e-20, 2e-20, 2e-20, 1
-0.0891736, 0.180111, 1.15795, 0.05, 0.0589093, 0.217201, -0.983654, 1.00907, 1000, 1e-20, 10, 2e-20, 3e-20, 2e-20, 2e-20, 1
-0.0479434, 0.156039, 1.17324, 0.05, 0.0601389, 0.212393, -0.994539, 1.01874, 1000, 1e-20, 10, 2e-20, 3e-20, 2e-20, 2e-20, 1
-0.00108082, 0.142608, 1.18493, 0.05, 0.0613287, 0.207946, -1.00442, 1.02755, 1000, 1e-20, 10, 2e-20, 3e-20, 2e-20, 2e-20, 1
0.0484698, 0.140661, 1.19229, 0.05, 0.0624039, 0.204142, -1.01266, 1.03492, 1000, 1e-20, 10, 2e-20, 3e-20, 2e-20, 2e-20, 1
0.0975951, 0.150322, 1.19486, 0.05, 0.0632971, 0.201218, -1.01876, 1.04037, 1000, 1e-20, 10, 2e-20, 3e-20, 2e-20, 2e-20, 1
0.143209, 0.170983, 1.19246, 0.05, 0.063952, 0.199359, -1.02233, 1.04355, 1000, 1e-20, 10, 2e-20, 3e-20, 2e-20, 2e-20, 1
0.182445, 0.201346, 1.18526, 0.05, 0.0643275, 0.198681, -1.02314, 1.04424, 1000, 1e-20, 10, 2e-20, 3e-20, 2e-20, 2e-20, 1
0.0488023, 0.303511, 1.06236, 0.05, 0.0498638, 0.227411, -0.983531, 1.01071, 1000, 1e-20, 10, 2e-20, 3e-20, 2e-20, 2e-20, 1
0.0915909, 0.282045, 1.07679, 0.05, 0.0510875, 0.222677, -0.994198, 1.02011, 1000, 1e-20, 10, 2e-20, 3e-20, 2e-20, 2e-20, 1
0.0919704, 0.32835, 1.05794, 0.05, 0.0504048, 0.226038, -0.98596, 1.01279, 1000, 1e-20, 10, 2e-20, 3e-20, 2e-20, 2e-20, 1
0.049184, 0.349817, 1.0435, 0.05, 0.0491812, 0.230771, -0.975293, 1.00343, 1000, 1e-20, 10, 2e-20, 3e-20, 2e-20, 2e-20, 1
0.00601592, 0.324981, 1.04793, 0.05, 0.0486402, 0.232144, -0.972863, 1.00136, 1000, 1e-20, 10, 2e-20, 3e-20, 2e-20, 2e-20, 1
0.00563188, 0.278677, 1.06678, 0.05, 0.0493228, 0.228784, -0.9811, 1.00863, 1000, 1e-20, 10, 2e-20, 3e-20, 2e-20, 2e-20, 1
0.0484159, 0.257205, 1.08122, 0.05, 0.0505464, 0.224051, -0.991768, 1.01802, 1000, 1e-20, 10, 2e-20, 3e-20, 2e-20, 2e-20, 1
0.13438, 0.260579, 1.09123, 0.05, 0.0523111, 0.217944, -1.00486, 1.02956, 1000, 1e-20, 10, 2e-20, 3e-20, 2e-20, 2e-20, 1
0.148056, 0.307405, 1.07392, 0.05, 0.0519014, 0.22036, -0.998652, 1.02399, 1000, 1e-20, 10, 2e-20, 3e-20, 2e-20, 2e-20, 1
0.135138, 0.353188, 1.05351, 0.05, 0.0509458, 0.224665, -0.988389, 1.01488, 1000, 1e-20, 10, 2e-20, 3e-20, 2e-20, 2e-20, 1
0.0990889, 0.385661, 1.03548, 0.05, 0.0497003, 0.229706, -0.976823, 1.0047, 1000, 1e-20, 10, 2e-20, 3e-20, 2e-20, 2e-20, 1
0.0495658, 0.396123, 1.02464, 0.05, 0.0484986, 0.234131, -0.967055, 0.996175, 1000, 1e-20, 10, 2e-20, 3e-20, 2e-20, 2e-20, 1
-0.000161909, 0.381772, 1.02392, 0.05, 0.0476627, 0.236756, -0.961701, 0.991561, 1000, 1e-20, 10, 2e-20, 3e-20, 2e-20, 2e-20, 1
-0.0367704, 0.346452, 1.03349, 0.05, 0.0474166, 0.236877, -0.962196, 0.992058, 1000, 1e-20, 10, 2e-20, 3e-20, 2e-20, 2e-20, 1
-0.0504511, 0.299626, 1.0508, 0.05, 0.0478261, 0.234462, -0.968407, 0.997533, 1000, 1e-20, 10, 2e-20, 3e-20, 2e-20, 2e-20, 1
-0.0375385, 0.253842, 1.0712, 0.05, 0.0487817, 0.230157, -0.97867, 1.00655, 1000, 1e-20, 10, 2e-20, 3e-20, 2e-20, 2e-20, 1
-0.00149227, 0.221365, 1.08924, 0.05, 0.0500272, 0.225117, -0.990236, 1.01673, 1000, 1e-20, 10, 2e-20, 3e-20, 2e-20, 2e-20, 1
0.0480296, 0.210899, 1.10007, 0.05, 0.0512289, 0.220691, -1, 1.02535, 1000, 1e-20, 10, 2e-20, 3e-20, 2e-20, 2e-20, 1
0.0977584, 0.225246, 1.1008, 0.05, 0.0520649, 0.218065, -1.00536, 1.03005, 1000, 1e-20, 10, 2e-20, 3e-20, 2e-20, 2e-20, 1
0.177168, 0.239112, 1.10566, 0.05, 0.0535347, 0.213211, -1.01553, 1.03905, 1000, 1e-20, 10, 2e-20, 3e-20, 2e-20, 2e-20, 1
0.195223, 0.285141, 1.08926, 0.05, 0.0532294, 0.215245, -1.01016, 1.03421, 1000, 1e-20, 10, 2e-20, 3e-20, 2e-20, 2e-20, 1
0.195618, 0.333385, 1.06961, 0.05, 0.0525181, 0.218746, -1.00158, 1.02653, 1000, 1e-20, 10, 2e-20, 3e-20, 2e-20, 2e-20, 1
0.178307, 0.378026, 1.04909, 0.05, 0.0514867, 0.223292, -0.990818, 1.01697, 1000, 1e-20, 10, 2e-20, 3e-20, 2e-20, 2e-20, 1
0.145376, 0.413681, 1.03017, 0.05, 0.0502596, 0.228335, -0.979179, 1.00671, 1000, 1e-20, 10, 2e-20, 3e-20, 2e-20, 2e-20, 1
0.100797, 0.436047, 1.01513, 0.05, 0.0489848, 0.233267, -0.968066, 0.996977, 1000, 1e-20, 10, 2e-20, 3e-20, 2e-20, 2e-20, 1
0.0499475, 0.442429, 1.00579, 0.05, 0.047816, 0.237492, -0.958817, 0.988948, 1000, 1e-20, 10, 2e-20, 3e-20, 2e-20, 2e-20, 1
-0.00104012, 0.432057, 1.00327, 0.05, 0.0468941, 0.240501, -0.952549, 0.98356, 1000, 1e-20, 10, 2e-20, 3e-20, 2e-20, 2e-20, 1
-0.0460164, 0.406181, 1.00788, 0.05, 0.0463304, 0.241931, -0.950018, 0.981433, 1000, 1e-20, 10, 2e-20, 3e-20, 2e-20, 2e-20, 1
-0.0795568, 0.367922, 1.01906, 0.05, 0.0461929, 0.241611, -0.951529, 0.98281, 1000, 1e-20, 10, 2e-20, 3e-20, 2e-20, 2e-20, 1
-0.0976161, 0.321894, 1.03546, 0.05, 0.0464982, 0.239577, -0.956899, 0.98753, 1000, 1e-20, 10, 2e-20, 3e-20, 2e-20, 2e-20, 1
-0.0980162, 0.27365, 1.0551, 0.05, 0.0472093, 0.236076, -0.965481, 0.995045, 1000, 1e-20, 10, 2e-20, 3e-20, 2e-20, 2e-20, 1
-0.0807089, 0.229007, 1.07563, 0.05, 0.0482406, 0.23153, -0.97624, 1.00448, 1000, 1e-20, 10, 2e-20, 3e-20, 2e-20, 2e-20, 1
-0.0477815, 0.19335, 1.09455, 0.05, 0.0494677, 0.226488, -0.987879, 1.01472, 1000, 1e-20, 10, 2e-20, 3e-20, 2e-20, 2e-20, 1
-0.00320542, 0.170979, 1.10959, 0.05, 0.0507426, 0.221556, -0.998993, 1.02452, 1000, 1e-20, 10, 2e-20, 3e-20, 2e-20, 2e-20, 1
0.0476432, 0.164593, 1.11893, 0.05, 0.0519114, 0.217331, -1.00824, 1.0327, 1000, 1e-20, 10, 2e-20, 3e-20, 2e-20, 2e-20, 1
0.0986316, 0.174961, 1.12145, 0.05, 0.0528334, 0.214321, -1.01451, 1.03825, 1000, 1e-20, 10, 2e-20, 3e-20, 2e-20, 2e-20, 1
0.14361, 0.200833, 1.11685, 0.05, 0.0533971, 0.21289, -1.01704, 1.04046, 1000, 1e-20, 10, 2e-20, 3e-20, 2e-20, 2e-20, 1
0.219957, 0.217646, 1.12009, 0.05, 0.0547583, 0.208478, -1.0262, 1.04859, 1000, 1e-20, 10, 2e-20, 3e-20, 2e-20, 2e-20, 1
0.239589, 0.261203, 1.10491, 0.05, 0.0545232, 0.210214, -1.02152, 1.04435, 1000, 1e-20, 10, 2e-20, 3e-20, 2e-20, 2e-20, 1
0.247234, 0.307418, 1.08705, 0.05, 0.0539953, 0.213031, -1.01446, 1.03799, 1000, 1e-20, 10, 2e-20, 3e-20, 2e-20, 2e-20, 1
0.242411, 0.353388, 1.06764, 0.05, 0.0532078, 0.216751, -1.00545, 1.02992, 1000, 1e-20, 10, 2e-20, 3e-20, 2e-20, 2e-20, 1
0.225424, 0.396224, 1.0479, 0.05, 0.0522102, 0.221142, -0.995067, 1.02068, 1000, 1e-20, 10, 2e-20, 3e-20, 2e-20, 2e-20, 1
0.19734, 0.433234, 1.02907, 0.05, 0.0510652, 0.225925, -0.983958, 1.01085, 1000, 1e-20, 10, 2e-20, 3e-20, 2e-20, 2e-20, 1
0.159923, 0.462095, 1.01233, 0.05, 0.0498447, 0.230803, -0.972822, 1.00107, 1000, 1e-20, 10, 2e-20, 3e-20, 2e-20, 2e-20, 1
0.115525, 0.480991, 0.998729, 0.05, 0.0486254, 0.235467, -0.962359, 0.991939, 1000, 1e-20, 10, 2e-20, 3e-20, 2e-20, 2e-20, 1
0.066934, 0.488737, 0.989129, 0.05, 0.0474839, 0.239625, -0.953226, 0.98403, 1000, 1e-20, 10, 2e-20, 3e-20, 2e-20, 2e-20, 1
0.0172041, 0.484845, 0.984131, 0.05, 0.046492, 0.243015, -0.945997, 0.977818, 1000, 1e-20, 10, 2e-20, 3e-20, 2e-20, 2e-20, 1
-0.0305405, 0.469559, 0.984047, 0.05, 0.0457119, 0.245426, -0.941126, 0.973675, 1000, 1e-20, 10, 2e-20, 3e-20, 2e-20, 2e-20, 1
-0.0733, 0.443841, 0.988885, 0.05, 0.0451927, 0.246704, -0.93892, 0.971842, 1000, 1e-20, 10, 2e-20, 3e-20, 2e-20, 2e-20, 1
-0.108388, 0.409306, 0.998338, 0.05, 0.0449669, 0.24677, -0.939517, 0.972424, 1000, 1e-20, 10, 2e-20, 3e-20, 2e-20, 2e-20, 1
-0.133599, 0.368124, 1.01181, 0.05, 0.0450489, 0.24562, -0.942879, 0.975386, 1000, 1e-20, 10, 2e-20, 3e-20, 2e-20, 2e-20, 1
-0.147351, 0.322882, 1.02847, 0.05, 0.0454333, 0.243325, -0.948795, 0.980552, 1000, 1e-20, 10, 2e-20, 3e-20, 2e-20, 2e-20, 1
-0.148778, 0.276423, 1.04725, 0.05, 0.0460962, 0.240031, -0.956893, 0.987616, 1000, 1e-20, 10, 2e-20, 3e-20, 2e-20, 2e-20, 1
-0.137791, 0.231666, 1.06698, 0.05, 0.0469957, 0.235944, -0.966665, 0.996153, 1000, 1e-20, 10, 2e-20, 3e-20, 2e-20, 2e-20, 1
-0.11508, 0.191423, 1.08642, 0.05, 0.0480755, 0.23132, -0.977497, 1.00564, 1000, 1e-20, 10, 2e-20, 3e-20, 2e-20, 2e-20, 1
-0.0820728, 0.158223, 1.10435, 0.05, 0.0492676, 0.226451, -0.988708, 1.01551, 1000, 1e-20, 10, 2e-20, 3e-20, 2e-20, 2e-20, 1
-0.0408426, 0.134151, 1.11964, 0.05, 0.0504972, 0.221643, -0.999594, 1.02512, 1000, 1e-20, 10, 2e-20, 3e-20, 2e-20, 2e-20, 1
0.00601996, 0.12072, 1.13133, 0.05, 0.051687, 0.217196, -1.00947, 1.03386, 1000, 1e-20, 10, 2e-20, 3e-20, 2e-20, 2e-20, 1
0.0555706, 0.118774, 1.13869, 0.05, 0.0527622, 0.213392, -1.01772, 1.04119, 1000, 1e-20, 10, 2e-20, 3e-20, 2e-20, 2e-20, 1
0.104696, 0.128435, 1.14125, 0.05, 0.0536554, 0.210468, -1.02382, 1.0466, 1000, 1e-20, 10, 2e-20, 3e-20, 2e-20, 2e-20, 1
0.150309, 0.149096, 1.13886, 0.05, 0.0543103, 0.208609, -1.02738, 1.04975, 1000, 1e-20, 10, 2e-20, 3e-20, 2e-20, 2e-20, 1
0.189545, 0.179458, 1.13166, 0.05, 0.0546858, 0.207931, -1.0282, 1.05043, 1000, 1e-20, 10, 2e-20, 3e-20, 2e-20, 2e-20, 1
0.744847, 0.205169, 1.07422, 0.05, 0.666721, 0.087955, -0.332977, 0.750418, 1000, 1e-20, 10, 2e-20, 3e-20, 2e-20, 2e-20, 1
0.793534, 0.215984, 1.07067, 0.05, 0.671416, 0.062229, -0.346969, 0.758327, 1000, 1e-20, 10, 2e-20, 3e-20, 2e-20, 2e-20, 1
0.759681, 0.245671, 1.04893, 0.05, 0.680259, 0.0855277, -0.328923, 0.760432, 1000, 1e-20, 10, 2e-20, 3e-20, 2e-20, 2e-20, 1
0.710995, 0.234857, 1.05248, 0.05, 0.675565, 0.111253, -0.31493, 0.753622, 1000, 1e-20, 10, 2e-20, 3e-20, 2e-20, 2e-20, 1
0.696159, 0.194357, 1.07777, 0.05, 0.662028, 0.113682, -0.318983, 0.743609, 1000, 1e-20, 10, 2e-20, 3e-20, 2e-20, 2e-20, 1
0.730008, 0.164668, 1.09951, 0.05, 0.653184, 0.0903849, -0.337029, 0.740545, 1000, 1e-20, 10, 2e-20, 3e-20, 2e-20, 2e-20, 1
0.778695, 0.175477, 1.09596, 0.05, 0.657877, 0.064658, -0.351023, 0.748465, 1000, 1e-20, 10, 2e-20, 3e-20, 2e-20, 2e-20, 1
0.842221, 0.226799, 1.06712, 0.05, 0.67611, 0.0365031, -0.360962, 0.767301, 1000, 1e-20, 10, 2e-20, 3e-20, 2e-20, 2e-20, 1
0.818194, 0.264424, 1.04092, 0.05, 0.687773, 0.0554467, -0.344453, 0.771203, 1000, 1e-20, 10, 2e-20, 3e-20, 2e-20, 2e-20, 1
0.774516, 0.286173, 1.02364, 0.05, 0.693796, 0.0831004, -0.32487, 0.770584, 1000, 1e-20, 10, 2e-20, 3e-20, 2e-20, 2e-20, 1
0.722888, 0.286217, 1.01992, 0.05, 0.692564, 0.112055, -0.307458, 0.765984, 1000, 1e-20, 10, 2e-20, 3e-20, 2e-20, 2e-20, 1
0.677143, 0.264546, 1.03074, 0.05, 0.684408, 0.134552, -0.296884, 0.758063, 1000, 1e-20, 10, 2e-20, 3e-20, 2e-20, 2e-20, 1
0.649539, 0.226966, 1.05321, 0.05, 0.671513, 0.144564, -0.29598, 0.747953, 1000, 1e-20, 10, 2e-20, 3e-20, 2e-20, 2e-20, 1
0.647471, 0.183545, 1.08132, 0.05, 0.657335, 0.139409, -0.304989, 0.737931, 1000, 1e-20, 10, 2e-20, 3e-20, 2e-20, 2e-20, 1
0.671493, 0.145918, 1.10752, 0.05, 0.645671, 0.120468, -0.321497, 0.731275, 1000, 1e-20, 10, 2e-20, 3e-20, 2e-20, 2e-20, 1
0.715169, 0.124167, 1.1248, 0.05, 0.639647, 0.0928148, -0.34108, 0.73082, 1000, 1e-20, 10, 2e-20, 3e-20, 2e-20, 2e-20, 1
0.766797, 0.124118, 1.12853, 0.05, 0.640877, 0.06386, -0.358493, 0.737101, 1000, 1e-20, 10, 2e-20, 3e-20, 2e-20, 2e-20, 1
0.812544, 0.145786, 1.1177, 0.05, 0.649032, 0.041361, -0.369068, 0.747773, 1000, 1e-20, 10, 2e-20, 3e-20, 2e-20, 2e-20, 1
0.840152, 0.183364, 1.09523, 0.05, 0.661926, 0.0313461, -0.369974, 0.758953, 1000, 1e-20, 10, 2e-20, 3e-20, 2e-20, 2e-20, 1
0.890908, 0.237615, 1.06357, 0.05, 0.680805, 0.0107772, -0.374955, 0.777305, 1000, 1e-20, 10, 2e-20, 3e-20, 2e-20, 2e-20, 1
0.870832, 0.277237, 1.03636, 0.05, 0.693213, 0.0277961, -0.359331, 0.781304, 1000, 1e-20, 10, 2e-20, 3e-20, 2e-20, 2e-20, 1
0.835562, 0.308167, 1.01371, 0.05, 0.702427, 0.0520706, -0.340529, 0.782352, 1000, 1e-20, 10, 2e-20, 3e-20, 2e-20, 2e-20, 1
0.78935, 0.326675, 0.998355, 0.05, 0.707334, 0.0806731, -0.320816, 0.780866, 1000, 1e-20, 10, 2e-20, 3e-20, 2e-20, 2e-20, 1
0.737771, 0.330528, 0.992154, 0.05, 0.707342, 0.110154, -0.30257, 0.777184, 1000, 1e-20, 10, 2e-20, 3e-20, 2e-20, 2e-20, 1
0.687046, 0.319262, 0.995852, 0.05, 0.702452, 0.136957, -0.287991, 0.77145, 1000, 1e-20, 10, 2e-20, 3e-20, 2e-20, 2e-20, 1
0.643292, 0.294235, 1.009, 0.05, 0.693252, 0.15785, -0.278838, 0.763718, 1000, 1e-20, 10, 2e-20, 3e-20, 2e-20, 2e-20, 1
0.611786, 0.258466, 1.03002, 0.05, 0.680852, 0.170314, -0.276214, 0.754229, 1000, 1e-20, 10, 2e-20, 3e-20, 2e-20, 2e-20, 1
0.596328, 0.216269, 1.05636, 0.05, 0.666748, 0.172844, -0.280436, 0.743689, 1000, 1e-20, 10, 2e-20, 3e-20, 2e-20, 2e-20, 1
0.598783, 0.172733, 1.08486, 0.05, 0.652641, 0.165136, -0.290995, 0.733409, 1000, 1e-20, 10, 2e-20, 3e-20, 2e-20, 2e-20, 1
0.618854, 0.13311, 1.11208, 0.05, 0.640232, 0.148119, -0.306618, 0.725156, 1000, 1e-20, 10, 2e-20, 3e-20, 2e-20, 2e-20, 1
0.654121, 0.102177, 1.13473, 0.05, 0.631018, 0.123846, -0.325419, 0.720707, 1000, 1e-20, 10, 2e-20, 3e-20, 2e-20, 2e-20, 1
0.70033, 0.0836655, 1.15009, 0.05, 0.62611, 0.0952447, -0.345132, 0.72125, 1000, 1e-20, 10, 2e-20, 3e-20, 2e-20, 2e-20, 1
0.751909, 0.0798084, 1.15629, 0.05, 0.626099, 0.0657638, -0.363379, 0.72689, 1000, 1e-20, 10, 2e-20, 3e-20, 2e-20, 2e-20, 1
0.802635, 0.0910707, 1.15259, 0.05, 0.630989, 0.0389592, -0.377959, 0.736558, 1000, 1e-20, 10, 2e-20, 3e-20, 2e-20, 2e-20, 1
0.846392, 0.116094, 1.13945, 0.05, 0.640187, 0.018064, -0.387114, 0.748347, 1000, 1e-20, 10, 2e-20, 3e-20, 2e-20, 2e-20, 1
0.877902, 0.151861, 1.11843, 0.05, 0.652586, 0.00559808, -0.38974, 0.76013, 1000, 1e-20, 10, 2e-20, 3e-20, 2e-20, 2e-20, 1
0.893364, 0.194056, 1.09209, 0.05, 0.66669, 0.00306508, -0.385519, 0.770137, 1000, 1e-20, 10, 2e-20, 3e-20, 2e-20, 2e-20, 1
0.939595, 0.24843, 1.06002, 0.05, 0.685499, -0.0149488, -0.388947, 0.788297, 1000, 1e-20, 10, 2e-20, 3e-20, 2e-20, 2e-20, 1
0.922553, 0.287382, 1.03346, 0.05, 0.697763, 0.000271521, -0.374496, 0.791909, 1000, 1e-20, 10, 2e-20, 3e-20, 2e-20, 2e-20, 1
0.894346, 0.321167, 1.00946, 0.05, 0.708076, 0.021001, -0.357437, 0.793457, 1000, 1e-20, 10, 2e-20, 3e-20, 2e-20, 2e-20, 1
0.856745, 0.347665, 0.989525, 0.05, 0.715791, 0.0459371, -0.33884, 0.793271, 1000, 1e-20, 10, 2e-20, 3e-20, 2e-20, 2e-20, 1
0.812115, 0.365209, 0.974914, 0.05, 0.720422, 0.0735133, -0.319875, 0.791664, 1000, 1e-20, 10, 2e-20, 3e-20, 2e-20, 2e-20, 1
0.763257, 0.372699, 0.966543, 0.05, 0.72168, 0.101997, -0.301733, 0.78884, 1000, 1e-20, 10, 2e-20, 3e-20, 2e-20, 2e-20, 1
0.713243, 0.369662, 0.964937, 0.05, 0.719485, 0.129598, -0.285555, 0.784854, 1000, 1e-20, 10, 2e-20, 3e-20, 2e-20, 2e-20, 1
0.665215, 0.35629, 0.970197, 0.05, 0.713974, 0.154583, -0.272356, 0.779636, 1000, 1e-20, 10, 2e-20, 3e-20, 2e-20, 2e-20, 1
0.62219, 0.333423, 0.981993, 0.05, 0.705495, 0.175382, -0.262965, 0.773067, 1000, 1e-20, 10, 2e-20, 3e-20, 2e-20, 2e-20, 1
0.586871, 0.302498, 0.999584, 0.05, 0.694579, 0.190687, -0.257974, 0.765083, 1000, 1e-20, 10, 2e-20, 3e-20, 2e-20, 2e-20, 1
0.561478, 0.265458, 1.02186, 0.05, 0.681913, 0.199538, -0.257695, 0.755796, 1000, 1e-20, 10, 2e-20, 3e-20, 2e-20, 2e-20, 1
0.547607, 0.22463, 1.04743, 0.05, 0.668293, 0.201378, -0.262146, 0.74558, 1000, 1e-20, 10, 2e-20, 3e-20, 2e-20, 2e-20, 1
0.546127, 0.182579, 1.07469, 0.05, 0.654574, 0.196092, -0.271047, 0.735109, 1000, 1e-20, 10, 2e-20, 3e-20, 2e-20, 2e-20, 1
0.557134, 0.141947, 1.10191, 0.05, 0.641618, 0.184012, -0.283839, 0.725326, 1000, 1e-20, 10, 2e-20, 3e-20, 2e-20, 2e-20, 1
0.579934, 0.105288, 1.1274, 0.05, 0.630239, 0.165896, -0.299719, 0.717324, 1000, 1e-20, 10, 2e-20, 3e-20, 2e-20, 2e-20, 1
0.613096, 0.0749036, 1.14954, 0.05, 0.621153, 0.142883, -0.317688, 0.71216, 1000, 1e-20, 10, 2e-20, 3e-20, 2e-20, 2e-20, 1
0.654535, 0.0527042, 1.16695, 0.05, 0.614929, 0.116419, -0.336618, 0.710636, 1000, 1e-20, 10, 2e-20, 3e-20, 2e-20, 2e-20, 1
0.701649, 0.0400842, 1.17853, 0.05, 0.61196, 0.088167, -0.355319, 0.713106, 1000, 1e-20, 10, 2e-20, 3e-20, 2e-20, 2e-20, 1
0.751477, 0.0378364, 1.18356, 0.05, 0.612431, 0.0599014, -0.372616, 0.719377, 1000, 1e-20, 10, 2e-20, 3e-20, 2e-20, 2e-20, 1
0.800889, 0.0461021, 1.18173, 0.05, 0.616314, 0.0333984, -0.387423, 0.728735, 1000, 1e-20, 10, 2e-20, 3e-20, 2e-20, 2e-20, 1
0.846779, 0.0643619, 1.17313, 0.05, 0.623363, 0.0103232, -0.398809, 0.740092, 1000, 1e-20, 10, 2e-20, 3e-20, 2e-20, 2e-20, 1
0.886265, 0.0914687, 1.15832, 0.05, 0.633137, -0.00787438, -0.406058, 0.752202, 1000, 1e-20, 10, 2e-20, 3e-20, 2e-20, 2e-20, 1
0.916866, 0.125719, 1.13823, 0.05, 0.64502, -0.020051, -0.408716, 0.763873, 1000, 1e-20, 10, 2e-20, 3e-20, 2e-20, 2e-20, 1
0.936659, 0.164961, 1.11412, 0.05, 0.658268, -0.0254416, -0.406616, 0.774145, 1000, 1e-20, 10, 2e-20, 3e-20, 2e-20, 2e-20, 1
0.9444, 0.20673, 1.0875, 0.05, 0.672046, -0.0237076, -0.399888, 0.78238, 1000, 1e-20, 10, 2e-20, 3e-20, 2e-20, 2e-20, 1
0.748442, 0.172506, 1.02402, 0.05, 0.632009, 0.0972186, -0.34149, 0.724915, 1000, 1e-20, 10, 2e-20, 3e-20, 2e-20, 2e-20, 1
0.797129, 0.183322, 1.02047, 0.05, 0.636704, 0.0714926, -0.355482, 0.732715, 1000, 1e-20, 10, 2e-20, 3e-20, 2e-20, 2e-20, 1
0.763276, 0.213008, 0.998731, 0.05, 0.645547, 0.0947913, -0.337436, 0.734561, 1000, 1e-20, 10, 2e-20, 3e-20, 2e-20, 2e-20, 1
0.71459, 0.202195, 1.00228, 0.05, 0.640853, 0.120517, -0.323443, 0.727896, 1000, 1e-20, 10, 2e-20, 3e-20, 2e-20, 2e-20, 1
0.699754, 0.161695, 1.02757, 0.05, 0.627316, 0.122946, -0.327496, 0.718258, 1000, 1e-20, 10, 2e-20, 3e-20, 2e-20, 2e-20, 1
0.733603, 0.132005, 1.04931, 0.05, 0.618472, 0.0996485, -0.345541, 0.715428, 1000, 1e-20, 10, 2e-20, 3e-20, 2e-20, 2e-20, 1
0.78229, 0.142815, 1.04576, 0.05, 0.623165, 0.0739216, -0.359535, 0.723232, 1000, 1e-20, 10, 2e-20, 3e-20, 2e-20, 2e-20, 1
0.845816, 0.194137, 1.01692, 0.05, 0.641398, 0.0457667, -0.369475, 0.741619, 1000, 1e-20, 10, 2e-20, 3e-20, 2e-20, 2e-20, 1
0.82179, 0.231762, 0.990719, 0.05, 0.653062, 0.0647103, -0.352966, 0.745159, 1000, 1e-20, 10, 2e-20, 3e-20, 2e-20, 2e-20, 1
0.778111, 0.25351, 0.973442, 0.05, 0.659084, 0.092364, -0.333383, 0.744357, 1000, 1e-20, 10, 2e-20, 3e-20, 2e-20, 2e-20, 1
0.726483, 0.253555, 0.969715, 0.05, 0.657853, 0.121318, -0.315971, 0.739815, 1000, 1e-20, 10, 2e-20, 3e-20, 2e-20, 2e-20, 1
0.680738, 0.231884, 0.980539, 0.05, 0.649697, 0.143816, -0.305397, 0.732158, 1000, 1e-20, 10, 2e-20, 3e-20, 2e-20, 2e-20, 1
0.653134, 0.194304, 1.00301, 0.05, 0.636802, 0.153828, -0.304493, 0.722423, 1000, 1e-20, 10, 2e-20, 3e-20, 2e-20, 2e-20, 1
0.651066, 0.150883, 1.03111, 0.05, 0.622623, 0.148673, -0.313502, 0.712774, 1000, 1e-20, 10, 2e-20, 3e-20, 2e-20, 2e-20, 1
0.675088, 0.113256, 1.05732, 0.05, 0.610959, 0.129731, -0.33001, 0.706404, 1000, 1e-20, 10, 2e-20, 3e-20, 2e-20, 2e-20, 1
0.718764, 0.0915043, 1.0746, 0.05, 0.604935, 0.102078, -0.349593, 0.706103, 1000, 1e-20, 10, 2e-20, 3e-20, 2e-20, 2e-20, 1
0.770392, 0.0914557, 1.07832, 0.05, 0.606165, 0.0731236, -0.367006, 0.712374, 1000, 1e-20, 10, 2e-20, 3e-20, 2e-20, 2e-20, 1
0.816139, 0.113123, 1.0675, 0.05, 0.61432, 0.0506246, -0.377581, 0.722855, 1000, 1e-20, 10, 2e-20, 3e-20, 2e-20, 2e-20, 1
0.843747, 0.150702, 1.04503, 0.05, 0.627215, 0.0406097, -0.378487, 0.733689, 1000, 1e-20, 10, 2e-20, 3e-20, 2e-20, 2e-20, 1
0.894503, 0.204953, 1.01337, 0.05, 0.646093, 0.0200408, -0.383467, 0.751588, 1000, 1e-20, 10, 2e-20, 3e-20, 2e-20, 2e-20, 1
0.874427, 0.244575, 0.986153, 0.05, 0.658501, 0.0370597, -0.367844, 0.755187, 1000, 1e-20, 10, 2e-20, 3e-20, 2e-20, 2e-20, 1
0.839157, 0.275505, 0.963504, 0.05, 0.667715, 0.0613342, -0.349042, 0.755933, 1000, 1e-20, 10, 2e-20, 3e-20, 2e-20, 2e-20, 1
0.792945, 0.294012, 0.948153, 0.05, 0.672622, 0.0899367, -0.329329, 0.754298, 1000, 1e-20, 10, 2e-20, 3e-20, 2e-20, 2e-20, 1
0.741366, 0.297866, 0.941952, 0.05, 0.672631, 0.119417, -0.311083, 0.750643, 1000, 1e-20, 10, 2e-20, 3e-20, 2e-20, 2e-20, 1
0.690641, 0.286599, 0.94565, 0.05, 0.66774, 0.146221, -0.296504, 0.745099, 1000, 1e-20, 10, 2e-20, 3e-20, 2e-20, 2e-20, 1
0.646887, 0.261573, 0.958799, 0.05, 0.65854, 0.167114, -0.28735, 0.737681, 1000, 1e-20, 10, 2e-20, 3e-20, 2e-20, 2e-20, 1
0.615381, 0.225804, 0.979814, 0.05, 0.646141, 0.179577, -0.284727, 0.728571, 1000, 1e-20, 10, 2e-20, 3e-20, 2e-20, 2e-20, 1
0.599923, 0.183607, 1.00616, 0.05, 0.632037, 0.182108, -0.288949, 0.718418, 1000, 1e-20, 10, 2e-20, 3e-20, 2e-20, 2e-20, 1
0.602378, 0.140071, 1.03466, 0.05, 0.617929, 0.1744, -0.299508, 0.708489, 1000, 1e-20, 10, 2e-20, 3e-20, 2e-20, 2e-20, 1
0.622449, 0.100448, 1.06188, 0.05, 0.60552, 0.157383, -0.315131, 0.700522, 1000, 1e-20, 10, 2e-20, 3e-20, 2e-20, 2e-20, 1
0.657716, 0.0695146, 1.08453, 0.05, 0.596306, 0.13311, -0.333932, 0.696283, 1000, 1e-20, 10, 2e-20, 3e-20, 2e-20, 2e-20, 1
0.703926, 0.0510033, 1.09988, 0.05, 0.591398, 0.104508, -0.353645, 0.696949, 1000, 1e-20, 10, 2e-20, 3e-20, 2e-20, 2e-20, 1
0.755504, 0.0471462, 1.10609, 0.05, 0.591388, 0.0750274, -0.371892, 0.702618, 1000, 1e-20, 10, 2e-20, 3e-20, 2e-20, 2e-20, 1
0.80623, 0.0584085, 1.10239, 0.05, 0.596277, 0.0482229, -0.386472, 0.712202, 1000, 1e-20, 10, 2e-20, 3e-20, 2e-20, 2e-20, 1
0.849987, 0.0834319, 1.08924, 0.05, 0.605476, 0.0273276, -0.395627, 0.723787, 1000, 1e-20, 10, 2e-20, 3e-20, 2e-20, 2e-20, 1
0.881497, 0.119198, 1.06823, 0.05, 0.617875, 0.0148617, -0.398253, 0.735252, 1000, 1e-20, 10, 2e-20, 3e-20, 2e-20, 2e-20, 1
0.896959, 0.161394, 1.04188, 0.05, 0.631978, 0.0123287, -0.394032, 0.744856, 1000, 1e-20, 10, 2e-20, 3e-20, 2e-20, 2e-20, 1
0.94319, 0.215768, 1.00982, 0.05, 0.650788, -0.00568516, -0.39746, 0.762582, 1000, 1e-20, 10, 2e-20, 3e-20, 2e-20, 2e-20, 1
0.926148, 0.254719, 0.983257, 0.05, 0.663051, 0.00953514, -0.383009, 0.765783, 1000, 1e-20, 10, 2e-20, 3e-20, 2e-20, 2e-20, 1
0.897941, 0.288505, 0.959255, 0.05, 0.673364, 0.0302646, -0.365949, 0.766977, 1000, 1e-20, 10, 2e-20, 3e-20, 2e-20, 2e-20, 1
0.860341, 0.315003, 0.939323, 0.05, 0.681079, 0.0552008, -0.347353, 0.766531, 1000, 1e-20, 10, 2e-20, 3e-20, 2e-20, 2e-20, 1
0.81571, 0.332547, 0.924712, 0.05, 0.68571, 0.0827769, -0.328388, 0.764781, 1000, 1e-20, 10, 2e-20, 3e-20, 2e-20, 2e-20, 1
0.766852, 0.340036, 0.91634, 0.05, 0.686968, 0.11126, -0.310246, 0.761943, 1000, 1e-20, 10, 2e-20, 3e-20, 2e-20, 2e-20, 1
0.716838, 0.337, 0.914735, 0.05, 0.684773, 0.138862, -0.294068, 0.758071, 1000, 1e-20, 10, 2e-20, 3e-20, 2e-20, 2e-20, 1
0.66881, 0.323628, 0.919995, 0.05, 0.679262, 0.163847, -0.280868, 0.75308, 1000, 1e-20, 10, 2e-20, 3e-20, 2e-20, 2e-20, 1
0.625785, 0.300761, 0.931791, 0.05, 0.670783, 0.184645, -0.271478, 0.746822, 1000, 1e-20, 10, 2e-20, 3e-20, 2e-20, 2e-20, 1
0.590467, 0.269836, 0.949382, 0.05, 0.659867, 0.199951, -0.266487, 0.739202, 1000, 1e-20, 10, 2e-20, 3e-20, 2e-20, 2e-20, 1
0.565074, 0.232796, 0.971663, 0.05, 0.647201, 0.208802, -0.266208, 0.730297, 1000, 1e-20, 10, 2e-20, 3e-20, 2e-20, 2e-20, 1
0.551202, 0.191967, 0.997233, 0.05, 0.633581, 0.210642, -0.270658, 0.720452, 1000, 1e-20, 10, 2e-20, 3e-20, 2e-20, 2e-20, 1
0.549722, 0.149916, 1.02449, 0.05, 0.619862, 0.205356, -0.27956, 0.710319, 1000, 1e-20, 10, 2e-20, 3e-20, 2e-20, 2e-20, 1
0.560729, 0.109285, 1.05171, 0.05, 0.606906, 0.193275, -0.292352, 0.700828, 1000, 1e-20, 10, 2e-20, 3e-20, 2e-20, 2e-20, 1
0.583529, 0.0726253, 1.07719, 0.05, 0.595527, 0.175159, -0.308231, 0.693066, 1000, 1e-20, 10, 2e-20, 3e-20, 2e-20, 2e-20, 1
0.616691, 0.0422414, 1.09934, 0.05, 0.586441, 0.152147, -0.326201, 0.68809, 1000, 1e-20, 10, 2e-20, 3e-20, 2e-20, 2e-20, 1
0.658131, 0.020042, 1.11675, 0.05, 0.580218, 0.125683, -0.34513, 0.686705, 1000, 1e-20, 10, 2e-20, 3e-20, 2e-20, 2e-20, 1
0.705245, 0.007422, 1.12833, 0.05, 0.577248, 0.0974306, -0.363832, 0.689262, 1000, 1e-20, 10, 2e-20, 3e-20, 2e-20, 2e-20, 1
0.755073, 0.00517422, 1.13336, 0.05, 0.577719, 0.069165, -0.381129, 0.695559, 1000, 1e-20, 10, 2e-20, 3e-20, 2e-20, 2e-20, 1
0.804484, 0.0134399, 1.13152, 0.05, 0.581602, 0.042662, -0.395936, 0.704873, 1000, 1e-20, 10, 2e-20, 3e-20, 2e-20, 2e-20, 1
0.850374, 0.0316997, 1.12293, 0.05, 0.588651, 0.0195868, -0.407322, 0.716104, 1000, 1e-20, 10, 2e-20, 3e-20, 2e-20, 2e-20, 1
0.88986, 0.0588065, 1.10812, 0.05, 0.598425, 0.00138924, -0.414571, 0.728, 1000, 1e-20, 10, 2e-20, 3e-20, 2e-20, 2e-20, 1
0.920461, 0.0930569, 1.08803, 0.05, 0.610309, -0.0107874, -0.417229, 0.739374, 1000, 1e-20, 10, 2e-20, 3e-20, 2e-20, 2e-20, 1
0.940254, 0.132299, 1.06391, 0.05, 0.623556, -0.016178, -0.415129, 0.749277, 1000, 1e-20, 10, 2e-20, 3e-20, 2e-20, 2e-20, 1
0.947995, 0.174068, 1.03729, 0.05, 0.637334, -0.0144439, -0.408401, 0.757096, 1000, 1e-20, 10, 2e-20, 3e-20, 2e-20, 2e-20, 1
0.752037, 0.139844, 0.973817, 0.05, 0.597298, 0.106482, -0.350002, 0.700432, 1000, 1e-20, 10, 2e-20, 3e-20, 2e-20, 2e-20, 1
0.800724, 0.15066, 0.970267, 0.05, 0.601992, 0.0807563, -0.363995, 0.708102, 1000, 1e-20, 10, 2e-20, 3e-20, 2e-20, 2e-20, 1
0.766872, 0.180346, 0.948528, 0.05, 0.610835, 0.104055, -0.345949, 0.709667, 1000, 1e-20, 10, 2e-20, 3e-20, 2e-20, 2e-20, 1
0.718185, 0.169533, 0.952077, 0.05, 0.606141, 0.129781, -0.331956, 0.703168, 1000, 1e-20, 10, 2e-20, 3e-20, 2e-20, 2e-20, 1
0.703349, 0.129032, 0.977365, 0.05, 0.592604, 0.132209, -0.336009, 0.693946, 1000, 1e-20, 10, 2e-20, 3e-20, 2e-20, 2e-20, 1
0.737198, 0.0993431, 0.999105, 0.05, 0.58376, 0.108912, -0.354054, 0.69137, 1000, 1e-20, 10, 2e-20, 3e-20, 2e-20, 2e-20, 1
0.785886, 0.110153, 0.995559, 0.05, 0.588453, 0.0831852, -0.368048, 0.69904, 1000, 1e-20, 10, 2e-20, 3e-20, 2e-20, 2e-20, 1
0.849411, 0.161475, 0.966717, 0.05, 0.606687, 0.0550303, -0.377988, 0.716918, 1000, 1e-20, 10, 2e-20, 3e-20, 2e-20, 2e-20, 1
0.825385, 0.1991, 0.940517, 0.05, 0.61835, 0.0739739, -0.361479, 0.720067, 1000, 1e-20, 10, 2e-20, 3e-20, 2e-20, 2e-20, 1
0.781706, 0.220848, 0.92324, 0.05, 0.624372, 0.101628, -0.341895, 0.71907, 1000, 1e-20, 10, 2e-20, 3e-20, 2e-20, 2e-20, 1
0.730078, 0.220893, 0.919513, 0.05, 0.623141, 0.130582, -0.324484, 0.714595, 1000, 1e-20, 10, 2e-20, 3e-20, 2e-20, 2e-20, 1
0.684334, 0.199222, 0.930337, 0.05, 0.614985, 0.153079, -0.31391, 0.707233, 1000, 1e-20, 10, 2e-20, 3e-20, 2e-20, 2e-20, 1
0.656729, 0.161641, 0.95281, 0.05, 0.60209, 0.163092, -0.313006, 0.697914, 1000, 1e-20, 10, 2e-20, 3e-20, 2e-20, 2e-20, 1
0.654661, 0.118221, 0.980912, 0.05, 0.587911, 0.157936, -0.322015, 0.688677, 1000, 1e-20, 10, 2e-20, 3e-20, 2e-20, 2e-20, 1
0.678683, 0.0805939, 1.00711, 0.05, 0.576247, 0.138995, -0.338523, 0.682626, 1000, 1e-20, 10, 2e-20, 3e-20, 2e-20, 2e-20, 1
0.72236, 0.0588421, 1.02439, 0.05, 0.570223, 0.111342, -0.358106, 0.682489, 1000, 1e-20, 10, 2e-20, 3e-20, 2e-20, 2e-20, 1
0.773987, 0.0587935, 1.02812, 0.05, 0.571453, 0.0823872, -0.375518, 0.688739, 1000, 1e-20, 10, 2e-20, 3e-20, 2e-20, 2e-20, 1
0.819734, 0.0804612, 1.0173, 0.05, 0.579608, 0.0598882, -0.386094, 0.699, 1000, 1e-20, 10, 2e-20, 3e-20, 2e-20, 2e-20, 1
0.847342, 0.118039, 0.994829, 0.05, 0.592503, 0.0498733, -0.387, 0.709447, 1000, 1e-20, 10, 2e-20, 3e-20, 2e-20, 2e-20, 1
0.898098, 0.17229, 0.963167, 0.05, 0.611381, 0.0293044, -0.39198, 0.726839, 1000, 1e-20, 10, 2e-20, 3e-20, 2e-20, 2e-20, 1
0.878022, 0.211913, 0.935951, 0.05, 0.62379, 0.0463233, -0.376357, 0.730003, 1000, 1e-20, 10, 2e-20, 3e-20, 2e-20, 2e-20, 1
0.842752, 0.242843, 0.913301, 0.05, 0.633003, 0.0705978, -0.357555, 0.730426, 1000, 1e-20, 10, 2e-20, 3e-20, 2e-20, 2e-20, 1
0.79654, 0.26135, 0.897951, 0.05, 0.63791, 0.0992003, -0.337842, 0.728634, 1000, 1e-20, 10, 2e-20, 3e-20, 2e-20, 2e-20, 1
0.744962, 0.265203, 0.89175, 0.05, 0.637919, 0.128681, -0.319596, 0.725011, 1000, 1e-20, 10, 2e-20, 3e-20, 2e-20, 2e-20, 1
0.694236, 0.253937, 0.895447, 0.05, 0.633028, 0.155484, -0.305017, 0.719677, 1000, 1e-20, 10, 2e-20, 3e-20, 2e-20, 2e-20, 1
0.650482, 0.22891, 0.908597, 0.05, 0.623828, 0.176378, -0.295863, 0.712605, 1000, 1e-20, 10, 2e-20, 3e-20, 2e-20, 2e-20, 1
0.618976, 0.193142, 0.929612, 0.05, 0.611429, 0.188841, -0.29324, 0.703914, 1000, 1e-20, 10, 2e-20, 3e-20, 2e-20, 2e-20, 1
0.603518, 0.150945, 0.955959, 0.05, 0.597325, 0.191371, -0.297462, 0.694193, 1000, 1e-20, 10, 2e-20, 3e-20, 2e-20, 2e-20, 1
0.605973, 0.107409, 0.98446, 0.05, 0.583218, 0.183663, -0.308021, 0.684655, 1000, 1e-20, 10, 2e-20, 3e-20, 2e-20, 2e-20, 1
0.626044, 0.0677853, 1.01168, 0.05, 0.570808, 0.166647, -0.323643, 0.677007, 1000, 1e-20, 10, 2e-20, 3e-20, 2e-20, 2e-20, 1
0.661312, 0.0368524, 1.03433, 0.05, 0.561594, 0.142374, -0.342445, 0.672998, 1000, 1e-20, 10, 2e-20, 3e-20, 2e-20, 2e-20, 1
0.707521, 0.0183411, 1.04968, 0.05, 0.556686, 0.113772, -0.362158, 0.673796, 1000, 1e-20, 10, 2e-20, 3e-20, 2e-20, 2e-20, 1
0.759099, 0.014484, 1.05588, 0.05, 0.556676, 0.084291, -0.380405, 0.679486, 1000, 1e-20, 10, 2e-20, 3e-20, 2e-20, 2e-20, 1
0.809826, 0.0257463, 1.05219, 0.05, 0.561565, 0.0574865, -0.394985, 0.688965, 1000, 1e-20, 10, 2e-20, 3e-20, 2e-20, 2e-20, 1
0.853582, 0.0507697, 1.03904, 0.05, 0.570764, 0.0365912, -0.40414, 0.700314, 1000, 1e-20, 10, 2e-20, 3e-20, 2e-20, 2e-20, 1
0.885092, 0.0865361, 1.01803, 0.05, 0.583163, 0.0241253, -0.406766, 0.71142, 1000, 1e-20, 10, 2e-20, 3e-20, 2e-20, 2e-20, 1
0.900554, 0.128732, 0.991683, 0.05, 0.597267, 0.0215923, -0.402545, 0.72058, 1000, 1e-20, 10, 2e-20, 3e-20, 2e-20, 2e-20, 1
0.946785, 0.183106, 0.959617, 0.05, 0.616076, 0.00357846, -0.405973, 0.737819, 1000, 1e-20, 10, 2e-20, 3e-20, 2e-20, 2e-20, 1
0.929743, 0.222057, 0.933054, 0.05, 0.628339, 0.0187988, -0.391522, 0.740576, 1000, 1e-20, 10, 2e-20, 3e-20, 2e-20, 2e-20, 1
0.901536, 0.255843, 0.909053, 0.05, 0.638652, 0.0395282, -0.374462, 0.741391, 1000, 1e-20, 10, 2e-20, 3e-20, 2e-20, 2e-20, 1
0.863936, 0.28234, 0.889121, 0.05, 0.646367, 0.0644644, -0.355866, 0.740666, 1000, 1e-20, 10, 2e-20, 3e-20, 2e-20, 2e-20, 1
0.819305, 0.299885, 0.87451, 0.05, 0.650999, 0.0920405, -0.336901, 0.738764, 1000, 1e-20, 10, 2e-20, 3e-20, 2e-20, 2e-20, 1
0.770448, 0.307374, 0.866138, 0.05, 0.652256, 0.120524, -0.318759, 0.735916, 1000, 1e-20, 10, 2e-20, 3e-20, 2e-20, 2e-20, 1
0.720434, 0.304337, 0.864532, 0.05, 0.650061, 0.148125, -0.30258, 0.732172, 1000, 1e-20, 10, 2e-20, 3e-20, 2e-20, 2e-20, 1
0.672405, 0.290966, 0.869793, 0.05, 0.64455, 0.17311, -0.289381, 0.72743, 1000, 1e-20, 10, 2e-20, 3e-20, 2e-20, 2e-20, 1
0.62938, 0.268099, 0.881589, 0.05, 0.636071, 0.193909, -0.279991, 0.721514, 1000, 1e-20, 10, 2e-20, 3e-20, 2e-20, 2e-20, 1
0.594062, 0.237174, 0.89918, 0.05, 0.625155, 0.209214, -0.274999, 0.714293, 1000, 1e-20, 10, 2e-20, 3e-20, 2e-20, 2e-20, 1
0.568669, 0.200133, 0.921461, 0.05, 0.61249, 0.218065, -0.27472, 0.70581, 1000, 1e-20, 10, 2e-20, 3e-20, 2e-20, 2e-20, 1
0.554797, 0.159305, 0.947031, 0.05, 0.598869, 0.219905, -0.279171, 0.696376, 1000, 1e-20, 10, 2e-20, 3e-20, 2e-20, 2e-20, 1
0.553318, 0.117254, 0.974284, 0.05, 0.58515, 0.214619, -0.288072, 0.686621, 1000, 1e-20, 10, 2e-20, 3e-20, 2e-20, 2e-20, 1
0.564324, 0.0766226, 1.00151, 0.05, 0.572194, 0.202539, -0.300865, 0.677457, 1000, 1e-20, 10, 2e-20, 3e-20, 2e-20, 2e-20, 1
0.587124, 0.0399631, 1.02699, 0.05, 0.560816, 0.184423, -0.316744, 0.669965, 1000, 1e-20, 10, 2e-20, 3e-20, 2e-20, 2e-20, 1
0.620286, 0.0095792, 1.04913, 0.05, 0.551729, 0.16141, -0.334714, 0.6652, 1000, 1e-20, 10, 2e-20, 3e-20, 2e-20, 2e-20, 1
0.661726, -0.0126202, 1.06655, 0.05, 0.545506, 0.134946, -0.353643, 0.663966, 1000, 1e-20, 10, 2e-20, 3e-20, 2e-20, 2e-20, 1
0.70884, -0.0252402, 1.07813, 0.05, 0.542536, 0.106694, -0.372344, 0.666611, 1000, 1e-20, 10, 2e-20, 3e-20, 2e-20, 2e-20, 1
0.758668, -0.027488, 1.08316, 0.05, 0.543008, 0.0784286, -0.389642, 0.672926, 1000, 1e-20, 10, 2e-20, 3e-20, 2e-20, 2e-20, 1
0.808079, -0.0192223, 1.08132, 0.05, 0.54689, 0.0519257, -0.404448, 0.682176, 1000, 1e-20, 10, 2e-20, 3e-20, 2e-20, 2e-20, 1
0.85397, -0.000962467, 1.07273, 0.05, 0.553939, 0.0288505, -0.415834, 0.693253, 1000, 1e-20, 10, 2e-20, 3e-20, 2e-20, 2e-20, 1
0.893456, 0.0261442, 1.05792, 0.05, 0.563713, 0.0106529, -0.423084, 0.704901, 1000, 1e-20, 10, 2e-20, 3e-20, 2e-20, 2e-20, 1
0.924056, 0.0603947, 1.03783, 0.05, 0.575597, -0.00152378, -0.425742, 0.71594, 1000, 1e-20, 10, 2e-20, 3e-20, 2e-20, 2e-20, 1
0.943849, 0.099637, 1.01371, 0.05, 0.588844, -0.0069144, -0.423641, 0.725436, 1000, 1e-20, 10, 2e-20, 3e-20, 2e-20, 2e-20, 1
0.95159, 0.141406, 0.987092, 0.05, 0.602622, -0.00518031, -0.416914, 0.732801, 1000, 1e-20, 10, 2e-20, 3e-20, 2e-20, 2e-20, 1
0.755632, 0.107182, 0.923615, 0.05, 0.562586, 0.115746, -0.358515, 0.677077, 1000, 1e-20, 10, 2e-20, 3e-20, 2e-20, 2e-20, 1
0.804319, 0.117997, 0.920065, 0.05, 0.56728, 0.0900199, -0.372508, 0.684597, 1000, 1e-20, 10, 2e-20, 3e-20, 2e-20, 2e-20, 1
0.770467, 0.147684, 0.898326, 0.05, 0.576123, 0.113319, -0.354462, 0.685859, 1000, 1e-20, 10, 2e-20, 3e-20, 2e-20, 2e-20, 1
0.721781, 0.136871, 0.901875, 0.05, 0.571429, 0.139044, -0.340469, 0.679547, 1000, 1e-20, 10, 2e-20, 3e-20, 2e-20, 2e-20, 1
0.706944, 0.0963703, 0.927163, 0.05, 0.557892, 0.141473, -0.344522, 0.670786, 1000, 1e-20, 10, 2e-20, 3e-20, 2e-20, 2e-20, 1
0.740794, 0.0666809, 0.948903, 0.05, 0.549049, 0.118176, -0.362567, 0.668487, 1000, 1e-20, 10, 2e-20, 3e-20, 2e-20, 2e-20, 1
0.789481, 0.0774904, 0.945357, 0.05, 0.553741, 0.0924488, -0.376561, 0.675999, 1000, 1e-20, 10, 2e-20, 3e-20, 2e-20, 2e-20, 1
0.853006, 0.128813, 0.916515, 0.05, 0.571975, 0.0642939, -0.386501, 0.693305, 1000, 1e-20, 10, 2e-20, 3e-20, 2e-20, 2e-20, 1
0.82898, 0.166438, 0.890315, 0.05, 0.583638, 0.0832376, -0.369992, 0.696029, 1000, 1e-20, 10, 2e-20, 3e-20, 2e-20, 2e-20, 1
0.785301, 0.188186, 0.873037, 0.05, 0.589661, 0.110891, -0.350408, 0.694825, 1000, 1e-20, 10, 2e-20, 3e-20, 2e-20, 2e-20, 1
0.733673, 0.188231, 0.869311, 0.05, 0.588429, 0.139846, -0.332997, 0.690429, 1000, 1e-20, 10, 2e-20, 3e-20, 2e-20, 2e-20, 1
0.687929, 0.166559, 0.880135, 0.05, 0.580273, 0.162343, -0.322423, 0.683395, 1000, 1e-20, 10, 2e-20, 3e-20, 2e-20, 2e-20, 1
0.660324, 0.128979, 0.902608, 0.05, 0.567378, 0.172355, -0.321519, 0.674536, 1000, 1e-20, 10, 2e-20, 3e-20, 2e-20, 2e-20, 1
0.658256, 0.0855586, 0.93071, 0.05, 0.553199, 0.1672, -0.330528, 0.665758, 1000, 1e-20, 10, 2e-20, 3e-20, 2e-20, 2e-20, 1
0.682279, 0.0479317, 0.956911, 0.05, 0.541535, 0.148258, -0.347035, 0.660056, 1000, 1e-20, 10, 2e-20, 3e-20, 2e-20, 2e-20, 1
0.725955, 0.0261799, 0.974191, 0.05, 0.535511, 0.120606, -0.366619, 0.660097, 1000, 1e-20, 10, 2e-20, 3e-20, 2e-20, 2e-20, 1
0.777583, 0.0261313, 0.97792, 0.05, 0.536742, 0.0916508, -0.384031, 0.666312, 1000, 1e-20, 10, 2e-20, 3e-20, 2e-20, 2e-20, 1
0.823329, 0.0477989, 0.967098, 0.05, 0.544897, 0.0691518, -0.394607, 0.67632, 1000, 1e-20, 10, 2e-20, 3e-20, 2e-20, 2e-20, 1
0.850938, 0.0853773, 0.944627, 0.05, 0.557791, 0.0591369, -0.395513, 0.686337, 1000, 1e-20, 10, 2e-20, 3e-20, 2e-20, 2e-20, 1
0.901693, 0.139628, 0.912965, 0.05, 0.576669, 0.038568, -0.400493, 0.703157, 1000, 1e-20, 10, 2e-20, 3e-20, 2e-20, 2e-20, 1
0.881618, 0.17925, 0.885749, 0.05, 0.589078, 0.0555869, -0.38487, 0.705852, 1000, 1e-20, 10, 2e-20, 3e-20, 2e-20, 2e-20, 1
0.846347, 0.21018, 0.863099, 0.05, 0.598291, 0.0798615, -0.366068, 0.705929, 1000, 1e-20, 10, 2e-20, 3e-20, 2e-20, 2e-20, 1
0.800136, 0.228688, 0.847749, 0.05, 0.603198, 0.108464, -0.346355, 0.70397, 1000, 1e-20, 10, 2e-20, 3e-20, 2e-20, 2e-20, 1
0.748557, 0.232541, 0.841548, 0.05, 0.603207, 0.137945, -0.328108, 0.700387, 1000, 1e-20, 10, 2e-20, 3e-20, 2e-20, 2e-20, 1
0.697831, 0.221275, 0.845245, 0.05, 0.598316, 0.164748, -0.31353, 0.695288, 1000, 1e-20, 10, 2e-20, 3e-20, 2e-20, 2e-20, 1
0.654077, 0.196248, 0.858395, 0.05, 0.589117, 0.185641, -0.304376, 0.688597, 1000, 1e-20, 10, 2e-20, 3e-20, 2e-20, 2e-20, 1
0.622571, 0.160479, 0.87941, 0.05, 0.576717, 0.198105, -0.301752, 0.680369, 1000, 1e-20, 10, 2e-20, 3e-20, 2e-20, 2e-20, 1
0.607113, 0.118283, 0.905757, 0.05, 0.562613, 0.200635, -0.305975, 0.671125, 1000, 1e-20, 10, 2e-20, 3e-20, 2e-20, 2e-20, 1
0.609568, 0.0747469, 0.934258, 0.05, 0.548506, 0.192927, -0.316534, 0.662022, 1000, 1e-20, 10, 2e-20, 3e-20, 2e-20, 2e-20, 1
0.62964, 0.0351231, 0.961475, 0.05, 0.536097, 0.17591, -0.332156, 0.65473, 1000, 1e-20, 10, 2e-20, 3e-20, 2e-20, 2e-20, 1
0.664907, 0.00419019, 0.984126, 0.05, 0.526882, 0.151637, -0.350958, 0.650976, 1000, 1e-20, 10, 2e-20, 3e-20, 2e-20, 2e-20, 1
0.711116, -0.0143211, 0.999479, 0.05, 0.521974, 0.123036, -0.370671, 0.651914, 1000, 1e-20, 10, 2e-20, 3e-20, 2e-20, 2e-20, 1
0.762694, -0.0181782, 1.00568, 0.05, 0.521964, 0.0935546, -0.388918, 0.657614, 1000, 1e-20, 10, 2e-20, 3e-20, 2e-20, 2e-20, 1
0.813421, -0.00691593, 1.00199, 0.05, 0.526853, 0.0667501, -0.403498, 0.666964, 1000, 1e-20, 10, 2e-20, 3e-20, 2e-20, 2e-20, 1
0.857178, 0.0181075, 0.98884, 0.05, 0.536052, 0.0458548, -0.412653, 0.678039, 1000, 1e-20, 10, 2e-20, 3e-20, 2e-20, 2e-20, 1
0.888687, 0.0538739, 0.967827, 0.05, 0.548451, 0.0333889, -0.415278, 0.688745, 1000, 1e-20, 10, 2e-20, 3e-20, 2e-20, 2e-20, 1
0.904149, 0.0960697, 0.941481, 0.05, 0.562555, 0.0308559, -0.411058, 0.697416, 1000, 1e-20, 10, 2e-20, 3e-20, 2e-20, 2e-20, 1
0.95038, 0.150444, 0.909415, 0.05, 0.581364, 0.0128421, -0.414486, 0.714106, 1000, 1e-20, 10, 2e-20, 3e-20, 2e-20, 2e-20, 1
0.933338, 0.189395, 0.882852, 0.05, 0.593627, 0.0280624, -0.400035, 0.716386, 1000, 1e-20, 10, 2e-20, 3e-20, 2e-20, 2e-20, 1
0.905131, 0.223181, 0.858851, 0.05, 0.60394, 0.0487918, -0.382975, 0.716795, 1000, 1e-20, 10, 2e-20, 3e-20, 2e-20, 2e-20, 1
0.867531, 0.249678, 0.838918, 0.05, 0.611655, 0.073728, -0.364379, 0.715772, 1000, 1e-20, 10, 2e-20, 3e-20, 2e-20, 2e-20, 1
0.8229, 0.267223, 0.824308, 0.05, 0.616287, 0.101304, -0.345414, 0.71371, 1000, 1e-20, 10, 2e-20, 3e-20, 2e-20, 2e-20, 1
0.774043, 0.274712, 0.815936, 0.05, 0.617544, 0.129788, -0.327272, 0.710854, 1000, 1e-20, 10, 2e-20, 3e-20, 2e-20, 2e-20, 1
0.724029, 0.271675, 0.81433, 0.05, 0.615349, 0.157389, -0.311093, 0.707252, 1000, 1e-20, 10, 2e-20, 3e-20, 2e-20, 2e-20, 1
0.676, 0.258303, 0.819591, 0.05, 0.609839, 0.182374, -0.297894, 0.702783, 1000, 1e-20, 10, 2e-20, 3e-20, 2e-20, 2e-20, 1
0.632975, 0.235437, 0.831387, 0.05, 0.601359, 0.203172, -0.288504, 0.697242, 1000, 1e-20, 10, 2e-20, 3e-20, 2e-20, 2e-20, 1
0.597657, 0.204511, 0.848978, 0.05, 0.590444, 0.218478, -0.283512, 0.69046, 1000, 1e-20, 10, 2e-20, 3e-20, 2e-20, 2e-20, 1
0.572264, 0.167471, 0.871258, 0.05, 0.577778, 0.227329, -0.283233, 0.682442, 1000, 1e-20, 10, 2e-20, 3e-20, 2e-20, 2e-20, 1
0.558392, 0.126643, 0.896828, 0.05, 0.564157, 0.229169, -0.287684, 0.673464, 1000, 1e-20, 10, 2e-20, 3e-20, 2e-20, 2e-20, 1
0.556913, 0.084592, 0.924081, 0.05, 0.550438, 0.223883, -0.296585, 0.66413, 1000, 1e-20, 10, 2e-20, 3e-20, 2e-20, 2e-20, 1
0.567919, 0.0439603, 0.951305, 0.05, 0.537482, 0.211802, -0.309378, 0.655334, 1000, 1e-20, 10, 2e-20, 3e-20, 2e-20, 2e-20, 1
0.590719, 0.00730091, 0.976789, 0.05, 0.526104, 0.193687, -0.325257, 0.648145, 1000, 1e-20, 10, 2e-20, 3e-20, 2e-20, 2e-20, 1
0.623881, -0.023083, 0.998932, 0.05, 0.517017, 0.170674, -0.343226, 0.643615, 1000, 1e-20, 10, 2e-20, 3e-20, 2e-20, 2e-20, 1
0.665321, -0.0452824, 1.01634, 0.05, 0.510794, 0.14421, -0.362156, 0.642545, 1000, 1e-20, 10, 2e-20, 3e-20, 2e-20, 2e-20, 1
0.712435, -0.0579024, 1.02793, 0.05, 0.507825, 0.115958, -0.380857, 0.645278, 1000, 1e-20, 10, 2e-20, 3e-20, 2e-20, 2e-20, 1
0.762263, -0.0601502, 1.03296, 0.05, 0.508296, 0.0876923, -0.398155, 0.651599, 1000, 1e-20, 10, 2e-20, 3e-20, 2e-20, 2e-20, 1
0.811674, -0.0518845, 1.03112, 0.05, 0.512178, 0.0611893, -0.412961, 0.660763, 1000, 1e-20, 10, 2e-20, 3e-20, 2e-20, 2e-20, 1
0.857565, -0.0336247, 1.02253, 0.05, 0.519228, 0.0381141, -0.424347, 0.671655, 1000, 1e-20, 10, 2e-20, 3e-20, 2e-20, 2e-20, 1
0.897051, -0.00651796, 1.00772, 0.05, 0.529001, 0.0199165, -0.431597, 0.683019, 1000, 1e-20, 10, 2e-20, 3e-20, 2e-20, 2e-20, 1
0.927651, 0.0277325, 0.987625, 0.05, 0.540885, 0.00773984, -0.434255, 0.693681, 1000, 1e-20, 10, 2e-20, 3e-20, 2e-20, 2e-20, 1
0.947444, 0.0669748, 0.963511, 0.05, 0.554132, 0.00234922, -0.432154, 0.702727, 1000, 1e-20, 10, 2e-20, 3e-20, 2e-20, 2e-20, 1
0.955185, 0.108743, 0.93689, 0.05, 0.567911, 0.0040833, -0.425427, 0.709596, 1000, 1e-20, 10, 2e-20, 3e-20, 2e-20, 2e-20, 1
0.759227, 0.0745197, 0.873413, 0.05, 0.527874, 0.125009, -0.367028, 0.654972, 1000, 1e-20, 10, 2e-20, 3e-20, 2e-20, 2e-20, 1
0.807914, 0.0853352, 0.869863, 0.05, 0.532568, 0.0992835, -0.381021, 0.662317, 1000, 1e-20, 10, 2e-20, 3e-20, 2e-20, 2e-20, 1
0.774062, 0.115022, 0.848124, 0.05, 0.541411, 0.122582, -0.362975, 0.663252, 1000, 1e-20, 10, 2e-20, 3e-20, 2e-20, 2e-20, 1
0.725376, 0.104208, 0.851673, 0.05, 0.536718, 0.148308, -0.348982, 0.657152, 1000, 1e-20, 10, 2e-20, 3e-20, 2e-20, 2e-20, 1
0.710539, 0.063708, 0.87696, 0.05, 0.523181, 0.150736, -0.353034, 0.648901, 1000, 1e-20, 10, 2e-20, 3e-20, 2e-20, 2e-20, 1
0.744389, 0.0340187, 0.898701, 0.05, 0.514337, 0.127439, -0.37108, 0.646903, 1000, 1e-20, 10, 2e-20, 3e-20, 2e-20, 2e-20, 1
0.793076, 0.0448282, 0.895155, 0.05, 0.519029, 0.101712, -0.385074, 0.654232, 1000, 1e-20, 10, 2e-20, 3e-20, 2e-20, 2e-20, 1
0.856601, 0.0961506, 0.866313, 0.05, 0.537263, 0.0735576, -0.395013, 0.670893, 1000, 1e-20, 10, 2e-20, 3e-20, 2e-20, 2e-20, 1
0.832575, 0.133776, 0.840113, 0.05, 0.548926, 0.0925012, -0.378505, 0.673158, 1000, 1e-20, 10, 2e-20, 3e-20, 2e-20, 2e-20, 1
0.788896, 0.155524, 0.822835, 0.05, 0.554949, 0.120155, -0.358921, 0.671736, 1000, 1e-20, 10, 2e-20, 3e-20, 2e-20, 2e-20, 1
0.737268, 0.155568, 0.819109, 0.05, 0.553717, 0.149109, -0.34151, 0.667432, 1000, 1e-20, 10, 2e-20, 3e-20, 2e-20, 2e-20, 1
0.691524, 0.133897, 0.829933, 0.05, 0.545561, 0.171606, -0.330935, 0.66076, 1000, 1e-20, 10, 2e-20, 3e-20, 2e-20, 2e-20, 1
0.66392, 0.0963169, 0.852406, 0.05, 0.532666, 0.181619, -0.330032, 0.652411, 1000, 1e-20, 10, 2e-20, 3e-20, 2e-20, 2e-20, 1
0.661851, 0.0528964, 0.880508, 0.05, 0.518487, 0.176464, -0.339041, 0.64414, 1000, 1e-20, 10, 2e-20, 3e-20, 2e-20, 2e-20, 1
0.685874, 0.0152694, 0.906709, 0.05, 0.506823, 0.157522, -0.355548, 0.638825, 1000, 1e-20, 10, 2e-20, 3e-20, 2e-20, 2e-20, 1
0.72955, -0.00648231, 0.923989, 0.05, 0.500799, 0.129869, -0.375132, 0.639054, 1000, 1e-20, 10, 2e-20, 3e-20, 2e-20, 2e-20, 1
0.781178, -0.00653088, 0.927718, 0.05, 0.50203, 0.100914, -0.392544, 0.64522, 1000, 1e-20, 10, 2e-20, 3e-20, 2e-20, 2e-20, 1
0.826924, 0.0151367, 0.916896, 0.05, 0.510185, 0.0784154, -0.40312, 0.654937, 1000, 1e-20, 10, 2e-20, 3e-20, 2e-20, 2e-20, 1
0.854533, 0.0527151, 0.894424, 0.05, 0.523079, 0.0684006, -0.404025, 0.664475, 1000, 1e-20, 10, 2e-20, 3e-20, 2e-20, 2e-20, 1
0.905288, 0.106966, 0.862763, 0.05, 0.541958, 0.0478316, -0.409006, 0.680655, 1000, 1e-20, 10, 2e-20, 3e-20, 2e-20, 2e-20, 1
0.885213, 0.146588, 0.835546, 0.05, 0.554366, 0.0648505, -0.393383, 0.682845, 1000, 1e-20, 10, 2e-20, 3e-20, 2e-20, 2e-20, 1
0.849942, 0.177518, 0.812897, 0.05, 0.563579, 0.0891251, -0.37458, 0.682551, 1000, 1e-20, 10, 2e-20, 3e-20, 2e-20, 2e-20, 1
0.803731, 0.196026, 0.797546, 0.05, 0.568486, 0.117728, -0.354868, 0.680417, 1000, 1e-20, 10, 2e-20, 3e-20, 2e-20, 2e-20, 1
0.752152, 0.199879, 0.791346, 0.05, 0.568495, 0.147208, -0.336621, 0.676883, 1000, 1e-20, 10, 2e-20, 3e-20, 2e-20, 2e-20, 1
0.701426, 0.188613, 0.795043, 0.05, 0.563605, 0.174012, -0.322042, 0.672043, 1000, 1e-20, 10, 2e-20, 3e-20, 2e-20, 2e-20, 1
0.657672, 0.163586, 0.808193, 0.05, 0.554405, 0.194905, -0.312889, 0.665772, 1000, 1e-20, 10, 2e-20, 3e-20, 2e-20, 2e-20, 1
0.626166, 0.127817, 0.829208, 0.05, 0.542005, 0.207368, -0.310265, 0.658055, 1000, 1e-20, 10, 2e-20, 3e-20, 2e-20, 2e-20, 1
0.610709, 0.0856204, 0.855555, 0.05, 0.527901, 0.209899, -0.314488, 0.649338, 1000, 1e-20, 10, 2e-20, 3e-20, 2e-20, 2e-20, 1
0.613163, 0.0420847, 0.884056, 0.05, 0.513794, 0.202191, -0.325047, 0.640719, 1000, 1e-20, 10, 2e-20, 3e-20, 2e-20, 2e-20, 1
0.633235, 0.0024609, 0.911273, 0.05, 0.501385, 0.185174, -0.340669, 0.633823, 1000, 1e-20, 10, 2e-20, 3e-20, 2e-20, 2e-20, 1
0.668502, -0.028472, 0.933924, 0.05, 0.49217, 0.160901, -0.359471, 0.630349, 1000, 1e-20, 10, 2e-20, 3e-20, 2e-20, 2e-20, 1
0.714711, -0.0469833, 0.949277, 0.05, 0.487262, 0.132299, -0.379184, 0.631433, 1000, 1e-20, 10, 2e-20, 3e-20, 2e-20, 2e-20, 1
0.766289, -0.0508404, 0.95548, 0.05, 0.487252, 0.102818, -0.397431, 0.637132, 1000, 1e-20, 10, 2e-20, 3e-20, 2e-20, 2e-20, 1
0.817016, -0.0395781, 0.951785, 0.05, 0.492141, 0.0760137, -0.412011, 0.646324, 1000, 1e-20, 10, 2e-20, 3e-20, 2e-20, 2e-20, 1
0.860773, -0.0145548, 0.938638, 0.05, 0.50134, 0.0551184, -0.421166, 0.657085, 1000, 1e-20, 10, 2e-20, 3e-20, 2e-20, 2e-20, 1
0.892282, 0.0212117, 0.917624, 0.05, 0.513739, 0.0426526, -0.423791, 0.667343, 1000, 1e-20, 10, 2e-20, 3e-20, 2e-20, 2e-20, 1
0.907745, 0.0634075, 0.891279, 0.05, 0.527843, 0.0401196, -0.419571, 0.675476, 1000, 1e-20, 10, 2e-20, 3e-20, 2e-20, 2e-20, 1
0.953975, 0.117782, 0.859213, 0.05, 0.546652, 0.0221057, -0.422999, 0.691553, 1000, 1e-20, 10, 2e-20, 3e-20, 2e-20, 2e-20, 1
0.936933, 0.156733, 0.83265, 0.05, 0.558915, 0.037326, -0.408548, 0.693319, 1000, 1e-20, 10, 2e-20, 3e-20, 2e-20, 2e-20, 1
0.908726, 0.190519, 0.808649, 0.05, 0.569229, 0.0580554, -0.391488, 0.693292, 1000, 1e-20, 10, 2e-20, 3e-20, 2e-20, 2e-20, 1
0.871126, 0.217016, 0.788716, 0.05, 0.576943, 0.0829916, -0.372892, 0.691953, 1000, 1e-20, 10, 2e-20, 3e-20, 2e-20, 2e-20, 1
0.826495, 0.234561, 0.774105, 0.05, 0.581575, 0.110568, -0.353927, 0.689724, 1000, 1e-20, 10, 2e-20, 3e-20, 2e-20, 2e-20, 1
0.777638, 0.24205, 0.765734, 0.05, 0.582833, 0.139051, -0.335785, 0.686863, 1000, 1e-20, 10, 2e-20, 3e-20, 2e-20, 2e-20, 1
0.727624, 0.239013, 0.764128, 0.05, 0.580637, 0.166653, -0.319606, 0.683418, 1000, 1e-20, 10, 2e-20, 3e-20, 2e-20, 2e-20, 1
0.679596, 0.225641, 0.769389, 0.05, 0.575127, 0.191637, -0.306407, 0.67925, 1000, 1e-20, 10, 2e-20, 3e-20, 2e-20, 2e-20, 1
0.63657, 0.202774, 0.781185, 0.05, 0.566647, 0.212436, -0.297017, 0.67412, 1000, 1e-20, 10, 2e-20, 3e-20, 2e-20, 2e-20, 1
0.601252, 0.171849, 0.798776, 0.05, 0.555732, 0.227742, -0.292025, 0.667819, 1000, 1e-20, 10, 2e-20, 3e-20, 2e-20, 2e-20, 1
0.575859, 0.134809, 0.821056, 0.05, 0.543066, 0.236593, -0.291746, 0.660312, 1000, 1e-20, 10, 2e-20, 3e-20, 2e-20, 2e-20, 1
0.561987, 0.0939808, 0.846626, 0.05, 0.529446, 0.238433, -0.296197, 0.65184, 1000, 1e-20, 10, 2e-20, 3e-20, 2e-20, 2e-20, 1
0.560508, 0.0519298, 0.873879, 0.05, 0.515727, 0.233146, -0.305098, 0.642974, 1000, 1e-20, 10, 2e-20, 3e-20, 2e-20, 2e-20, 1
0.571514, 0.0112981, 0.901103, 0.05, 0.502771, 0.221066, -0.31789, 0.634589, 1000, 1e-20, 10, 2e-20, 3e-20, 2e-20, 2e-20, 1
0.594314, -0.0253613, 0.926587, 0.05, 0.491392, 0.20295, -0.33377, 0.62774, 1000, 1e-20, 10, 2e-20, 3e-20, 2e-20, 2e-20, 1
0.627476, -0.0557452, 0.94873, 0.05, 0.482305, 0.179938, -0.351739, 0.623471, 1000, 1e-20, 10, 2e-20, 3e-20, 2e-20, 2e-20, 1
0.668916, -0.0779446, 0.966141, 0.05, 0.476082, 0.153474, -0.370669, 0.622578, 1000, 1e-20, 10, 2e-20, 3e-20, 2e-20, 2e-20, 1
0.71603, -0.0905646, 0.977726, 0.05, 0.473113, 0.125221, -0.38937, 0.6254, 1000, 1e-20, 10, 2e-20, 3e-20, 2e-20, 2e-20, 1
0.765858, -0.0928124, 0.982756, 0.05, 0.473584, 0.0969559, -0.406667, 0.631713, 1000, 1e-20, 10, 2e-20, 3e-20, 2e-20, 2e-20, 1
0.81527, -0.0845467, 0.980917, 0.05, 0.477466, 0.0704529, -0.421474, 0.640764, 1000, 1e-20, 10, 2e-20, 3e-20, 2e-20, 2e-20, 1
0.86116, -0.0662869, 0.972323, 0.05, 0.484516, 0.0473777, -0.43286, 0.651435, 1000, 1e-20, 10, 2e-20, 3e-20, 2e-20, 2e-20, 1
0.900646, -0.0391802, 0.957515, 0.05, 0.494289, 0.0291801, -0.44011, 0.662473, 1000, 1e-20, 10, 2e-20, 3e-20, 2e-20, 2e-20, 1
0.931247, -0.00492969, 0.937423, 0.05, 0.506173, 0.0170035, -0.442768, 0.672714, 1000, 1e-20, 10, 2e-20, 3e-20, 2e-20, 2e-20, 1
0.951039, 0.0343126, 0.913309, 0.05, 0.51942, 0.0116128, -0.440667, 0.681263, 1000, 1e-20, 10, 2e-20, 3e-20, 2e-20, 2e-20, 1
0.95878, 0.0760811, 0.886688, 0.05, 0.533199, 0.0133469, -0.43394, 0.687592, 1000, 1e-20, 10, 2e-20, 3e-20, 2e-20, 2e-20, 1
