Time,x,y,z,q0,q1,q2,q3,Vx,Vy,Vz,Fx,Fy,Fz,Tx,Ty,Tz
0,1,0,3.1,1,0,0,0,0,0,0,0,0,0,0,0,0
0.0001,1,0,3.1,1,0,0,0,0,0,-0.0006867,0,0,0,0,0,0
0.0002,1,0,3.1,1,0,0,0,0,0,-0.0016677,0,0,0,0,0,0
0.0003,1,0,3.1,1,0,0,0,0,0,-0.0026487,0,0,0,0,0,0
0.0004,1,0,3.1,1,0,0,0,0,0,-0.0036297,0,0,0,0,0,0
0.0005,1,0,3.1,1,0,0,0,0,0,-0.0046107,0,0,0,0,0,0
0.0006,1,0,3.1,1,0,0,0,0,0,-0.0055917,0,0,0,0,0,0
0.0007,1,0,3.1,1,0,0,0,0,0,-0.0065727,0,0,0,0,0,0
0.0008,1,0,3.1,1,0,0,0,0,0,-0.0075537,0,0,0,0,0,0
0.0009,1,0,3.1,1,0,0,0,0,0,-0.0085347,0,0,0,0,0,0
0.001,1,0,3.1,1,0,0,0,0,0,-0.0095157,0,0,0,0,0,0
0.0011,1,0,3.09999,1,0,0,0,0,0,-0.0104967,0,0,0,0,0,0
0.0012,1,0,3.09999,1,0,0,0,0,0,-0.0114777,0,0,0,0,0,0
0.0013,1,0,3.09999,1,0,0,0,0,0,-0.0124587,0,0,0,0,0,0
0.0014,1,0,3.09999,1,0,0,0,0,0,-0.0134397,0,0,0,0,0,0
0.0015,1,0,3.09999,1,0,0,0,0,0,-0.0144207,0,0,0,0,0,0
0.0016,1,0,3.09999,1,0,0,0,0,0,-0.0154017,0,0,0,0,0,0
0.0017,1,0,3.09999,1,0,0,0,0,0,-0.0163827,0,0,0,0,0,0
0.0018,1,0,3.09998,1,0,0,0,0,0,-0.0173637,0,0,0,0,0,0
0.0019,1,0,3.09998,1,0,0,0,0,0,-0.0183447,0,0,0,0,0,0
0.002,1,0,3.09998,1,0,0,0,0,0,-0.0193257,0,0,0,0,0,0
0.0021,1,0,3.09998,1,0,0,0,0,0,-0.0203067,0,0,0,0,0,0
0.0022,1,0,3.09998,1,0,0,0,0,0,-0.0212877,0,0,0,0,0,0
0.0023,1,0,3.09997,1,0,0,0,0,0,-0.0222687,0,0,0,0,0,0
0.0024,1,0,3.09997,1,0,0,0,0,0,-0.0232497,0,0,0,0,0,0
0.0025,1,0,3.09997,1,0,0,0,0,0,-0.0242307,0,0,0,0,0,0
0.0026,1,0,3.09997,1,0,0,0,0,0,-0.0252117,0,0,0,0,0,0
0.0027,1,0,3.09997,1,0,0,0,0,0,-0.0261927,0,0,0,0,0,0
0.0028,1,0,3.09996,1,0,0,0,0,0,-0.0271737,0,0,0,0,0,0
0.0029,1,0,3.09996,1,0,0,0,0,0,-0.0281547,0,0,0,0,0,0
0.003,1,0,3.09996,1,0,0,0,0,0,-0.0291357,0,0,0,0,0,0
0.0031,1,0,3.09995,1,0,0,0,0,0,-0.0301167,0,0,0,0,0,0
0.0032,1,0,3.09995,1,0,0,0,0,0,-0.0310977,0,0,0,0,0,0
0.0033,1,0,3.09995,1,0,0,0,0,0,-0.0320787,0,0,0,0,0,0
0.0034,1,0,3.09994,1,0,0,0,0,0,-0.0330597,0,0,0,0,0,0
0.0035,1,0,3.09994,1,0,0,0,0,0,-0.0340407,0,0,0,0,0,0
0.0036,1,0,3.09994,1,0,0,0,0,0,-0.0350217,0,0,0,0,0,0
0.0037,1,0,3.09993,1,0,0,0,0,0,-0.0360027,0,0,0,0,0,0
0.0038,1,0,3.09993,1,0,0,0,0,0,-0.0369837,0,0,0,0,0,0
0.0039,1,0,3.09993,1,0,0,0,0,0,-0.0379647,0,0,0,0,0,0
0.004,1,0,3.09992,1,0,0,0,0,0,-0.0389457,0,0,0,0,0,0
0.0041,1,0,3.09992,1,0,0,0,0,0,-0.0399267,0,0,0,0,0,0
0.0042,1,0,3.09991,1,0,0,0,0,0,-0.0409077,0,0,0,0,0,0
0.0043,1,0,3.09991,1,0,0,0,0,0,-0.0418887,0,0,0,0,0,0
0.0044,1,0,3.09991,1,0,0,0,0,0,-0.0428697,0,0,0,0,0,0
0.0045,1,0,3.0999,1,0,0,0,0,0,-0.0438507,0,0,0,0,0,0
0.0046,1,0,3.0999,1,0,0,0,0,0,-0.0448317,0,0,0,0,0,0
0.0047,1,0,3.09989,1,0,0,0,0,0,-0.0458127,0,0,0,0,0,0
0.0048,1,0,3.09989,1,0,0,0,0,0,-0.0467937,0,0,0,0,0,0
0.0049,1,0,3.09988,1,0,0,0,0,0,-0.0477747,0,0,0,0,0,0
0.005,1,0,3.09988,1,0,0,0,0,0,-0.0487557,0,0,0,0,0,0
0.0051,1,0,3.09987,1,0,0,0,0,0,-0.0497367,0,0,0,0,0,0
0.0052,1,0,3.09987,1,0,0,0,0,0,-0.0507177,0,0,0,0,0,0
0.0053,1,0,3.09986,1,0,0,0,0,0,-0.0516987,0,0,0,0,0,0
0.0054,1,0,3.09986,1,0,0,0,0,0,-0.0526797,0,0,0,0,0,0
0.0055,1,0,3.09985,1,0,0,0,0,0,-0.0536607,0,0,0,0,0,0
0.0056,1,0,3.09985,1,0,0,0,0,0,-0.0546417,0,0,0,0,0,0
0.0057,1,0,3.09984,1,0,0,0,0,0,-0.0556227,0,0,0,0,0,0
0.0058,1,0,3.09984,1,0,0,0,0,0,-0.0566037,0,0,0,0,0,0
0.0059,1,0,3.09983,1,0,0,0,0,0,-0.0575847,0,0,0,0,0,0
0.006,1,0,3.09983,1,0,0,0,0,0,-0.0585657,0,0,0,0,0,0
0.0061,1,0,3.09982,1,0,0,0,0,0,-0.0595467,0,0,0,0,0,0
0.0062,1,0,3.09981,1,0,0,0,0,0,-0.0605277,0,0,0,0,0,0
0.0063,1,0,3.09981,1,0,0,0,0,0,-0.0615087,0,0,0,0,0,0
0.0064,1,0,3.0998,1,0,0,0,0,0,-0.0624897,0,0,0,0,0,0
0.0065,1,0,3.09979,1,0,0,0,0,0,-0.0634707,0,0,0,0,0,0
0.0066,1,0,3.09979,1,0,0,0,0,0,-0.0644517,0,0,0,0,0,0
0.0067,1,0,3.09978,1,0,0,0,0,0,-0.0654327,0,0,0,0,0,0
0.0068,1,0,3.09978,1,0,0,0,0,0,-0.0664137,0,0,0,0,0,0
0.0069,1,0,3.09977,1,0,0,0,0,0,-0.0673947,0,0,0,0,0,0
0.007,1,0,3.09976,1,0,0,0,0,0,-0.0683757,0,0,0,0,0,0
0.0071,1,0,3.09975,1,0,0,0,0,0,-0.0693567,0,0,0,0,0,0
0.0072,1,0,3.09975,1,0,0,0,0,0,-0.0703377,0,0,0,0,0,0
0.0073,1,0,3.09974,1,0,0,0,0,0,-0.0713187,0,0,0,0,0,0
0.0074,1,0,3.09973,1,0,0,0,0,0,-0.0722997,0,0,0,0,0,0
0.0075,1,0,3.09973,1,0,0,0,0,0,-0.0732807,0,0,0,0,0,0
0.0076,1,0,3.09972,1,0,0,0,0,0,-0.0742617,0,0,0,0,0,0
0.0077,1,0,3.09971,1,0,0,0,0,0,-0.0752427,0,0,0,0,0,0
0.0078,1,0,3.0997,1,0,0,0,0,0,-0.0762237,0,0,0,0,0,0
0.0079,1,0,3.0997,1,0,0,0,0,0,-0.0772047,0,0,0,0,0,0
0.008,1,0,3.09969,1,0,0,0,0,0,-0.0781857,0,0,0,0,0,0
0.0081,1,0,3.09968,1,0,0,0,0,0,-0.0791667,0,0,0,0,0,0
0.0082,1,0,3.09967,1,0,0,0,0,0,-0.0801477,0,0,0,0,0,0
0.0083,1,0,3.09966,1,0,0,0,0,0,-0.0811287,0,0,0,0,0,0
0.0084,1,0,3.09966,1,0,0,0,0,0,-0.0821097,0,0,0,0,0,0
0.0085,1,0,3.09965,1,0,0,0,0,0,-0.0830907,0,0,0,0,0,0
0.0086,1,0,3.09964,1,0,0,0,0,0,-0.0840717,0,0,0,0,0,0
0.0087,1,0,3.09963,1,0,0,0,0,0,-0.0850527,0,0,0,0,0,0
0.0088,1,0,3.09962,1,0,0,0,0,0,-0.0860337,0,0,0,0,0,0
0.0089,1,0,3.09961,1,0,0,0,0,0,-0.0870147,0,0,0,0,0,0
0.009,1,0,3.09961,1,0,0,0,0,0,-0.0879957,0,0,0,0,0,0
0.0091,1,0,3.0996,1,0,0,0,0,0,-0.0889767,0,0,0,0,0,0
0.0092,1,0,3.09959,1,0,0,0,0,0,-0.0899577,0,0,0,0,0,0
0.0093,1,0,3.09958,1,0,0,0,0,0,-0.0909387,0,0,0,0,0,0
0.0094,1,0,3.09957,1,0,0,0,0,0,-0.0919197,0,0,0,0,0,0
0.0095,1,0,3.09956,1,0,0,0,0,0,-0.0929007,0,0,0,0,0,0
0.0096,1,0,3.09955,1,0,0,0,0,0,-0.0938817,0,0,0,0,0,0
0.0097,1,0,3.09954,1,0,0,0,0,0,-0.0948627,0,0,0,0,0,0
0.0098,1,0,3.09953,1,0,0,0,0,0,-0.0958437,0,0,0,0,0,0
0.0099,1,0,3.09952,1,0,0,0,0,0,-0.0968247,0,0,0,0,0,0
0.01,1,0,3.09951,1,0,0,0,0,0,-0.0978057,0,0,0,0,0,0
0.0101,1,0,3.0995,1,0,0,0,0,0,-0.0987867,0,0,0,0,0,0
0.0102,1,0,3.09949,1,0,0,0,0,0,-0.0997677,0,0,0,0,0,0
0.0103,1,0,3.09948,1,0,0,0,0,0,-0.100749,0,0,0,0,0,0
0.0104,1,0,3.09947,1,0,0,0,0,0,-0.10173,0,0,0,0,0,0
0.0105,1,0,3.09946,1,0,0,0,0,0,-0.102711,0,0,0,0,0,0
0.0106,1,0,3.09945,1,0,0,0,0,0,-0.103692,0,0,0,0,0,0
0.0107,1,0,3.09944,1,0,0,0,0,0,-0.104673,0,0,0,0,0,0
0.0108,1,0,3.09943,1,0,0,0,0,0,-0.105654,0,0,0,0,0,0
0.0109,1,0,3.09942,1,0,0,0,0,0,-0.106635,0,0,0,0,0,0
0.011,1,0,3.09941,1,0,0,0,0,0,-0.107616,0,0,0,0,0,0
0.0111,1,0,3.0994,1,0,0,0,0,0,-0.108597,0,0,0,0,0,0
0.0112,1,0,3.09939,1,0,0,0,0,0,-0.109578,0,0,0,0,0,0
0.0113,1,0,3.09938,1,0,0,0,0,0,-0.110559,0,0,0,0,0,0
0.0114,1,0,3.09937,1,0,0,0,0,0,-0.11154,0,0,0,0,0,0
0.0115,1,0,3.09935,1,0,0,0,0,0,-0.112521,0,0,0,0,0,0
0.0116,1,0,3.09934,1,0,0,0,0,0,-0.113502,0,0,0,0,0,0
0.0117,1,0,3.09933,1,0,0,0,0,0,-0.114483,0,0,0,0,0,0
0.0118,1,0,3.09932,1,0,0,0,0,0,-0.115464,0,0,0,0,0,0
0.0119,1,0,3.09931,1,0,0,0,0,0,-0.116445,0,0,0,0,0,0
0.012,1,0,3.0993,1,0,0,0,0,0,-0.117426,0,0,0,0,0,0
0.0121,1,0,3.09929,1,0,0,0,0,0,-0.118407,0,0,0,0,0,0
0.0122,1,0,3.09927,1,0,0,0,0,0,-0.119388,0,0,0,0,0,0
0.0123,1,0,3.09926,1,0,0,0,0,0,-0.120369,0,0,0,0,0,0
0.0124,1,0,3.09925,1,0,0,0,0,0,-0.12135,0,0,0,0,0,0
0.0125,1,0,3.09924,1,0,0,0,0,0,-0.122331,0,0,0,0,0,0
0.0126,1,0,3.09922,1,0,0,0,0,0,-0.123312,0,0,0,0,0,0
0.0127,1,0,3.09921,1,0,0,0,0,0,-0.124293,0,0,0,0,0,0
0.0128,1,0,3.0992,1,0,0,0,0,0,-0.125274,0,0,0,0,0,0
0.0129,1,0,3.09919,1,0,0,0,0,0,-0.126255,0,0,0,0,0,0
0.013,1,0,3.09917,1,0,0,0,0,0,-0.127236,0,0,0,0,0,0
0.0131,1,0,3.09916,1,0,0,0,0,0,-0.128217,0,0,0,0,0,0
0.0132,1,0,3.09915,1,0,0,0,0,0,-0.129198,0,0,0,0,0,0
0.0133,1,0,3.09914,1,0,0,0,0,0,-0.130179,0,0,0,0,0,0
0.0134,1,0,3.09912,1,0,0,0,0,0,-0.13116,0,0,0,0,0,0
0.0135,1,0,3.09911,1,0,0,0,0,0,-0.132141,0,0,0,0,0,0
0.0136,1,0,3.0991,1,0,0,0,0,0,-0.133122,0,0,0,0,0,0
0.0137,1,0,3.09908,1,0,0,0,0,0,-0.134103,0,0,0,0,0,0
0.0138,1,0,3.09907,1,0,0,0,0,0,-0.135084,0,0,0,0,0,0
0.0139,1,0,3.09906,1,0,0,0,0,0,-0.136065,0,0,0,0,0,0
0.014,1,0,3.09904,1,0,0,0,0,0,-0.137046,0,0,0,0,0,0
0.0141,1,0,3.09903,1,0,0,0,0,0,-0.138027,0,0,0,0,0,0
0.0142,1,0,3.09902,1,0,0,0,0,0,-0.139008,0,0,0,0,0,0
0.0143,1,0,3.099,1,0,0,0,0,0,-0.139989,0,0,0,0,0,0
0.0144,1,0,3.09899,1,0,0,0,0,0,-0.14097,0,0,0,0,0,0
0.0145,1,0,3.09897,1,0,0,0,0,0,-0.141951,0,0,0,0,0,0
0.0146,1,0,3.09896,1,0,0,0,0,0,-0.142932,0,0,0,0,0,0
0.0147,1,0,3.09894,1,0,0,0,0,0,-0.143913,0,0,0,0,0,0
0.0148,1,0,3.09893,1,0,0,0,0,0,-0.144894,0,0,0,0,0,0
0.0149,1,0,3.09892,1,0,0,0,0,0,-0.145875,0,0,0,0,0,0
0.015,1,0,3.0989,1,0,0,0,0,0,-0.146856,0,0,0,0,0,0
0.0151,1,0,3.09889,1,0,0,0,0,0,-0.147837,0,0,0,0,0,0
0.0152,1,0,3.09887,1,0,0,0,0,0,-0.148818,0,0,0,0,0,0
0.0153,1,0,3.09886,1,0,0,0,0,0,-0.149799,0,0,0,0,0,0
0.0154,1,0,3.09884,1,0,0,0,0,0,-0.15078,0,0,0,0,0,0
0.0155,1,0,3.09883,1,0,0,0,0,0,-0.151761,0,0,0,0,0,0
0.0156,1,0,3.09881,1,0,0,0,0,0,-0.152742,0,0,0,0,0,0
0.0157,1,0,3.0988,1,0,0,0,0,0,-0.153723,0,0,0,0,0,0
0.0158,1,0,3.09878,1,0,0,0,0,0,-0.154704,0,0,0,0,0,0
0.0159,1,0,3.09876,1,0,0,0,0,0,-0.155685,0,0,0,0,0,0
0.016,1,0,3.09875,1,0,0,0,0,0,-0.156666,0,0,0,0,0,0
0.0161,1,0,3.09873,1,0,0,0,0,0,-0.157647,0,0,0,0,0,0
0.0162,1,0,3.09872,1,0,0,0,0,0,-0.158628,0,0,0,0,0,0
0.0163,1,0,3.0987,1,0,0,0,0,0,-0.159609,0,0,0,0,0,0
0.0164,1,0,3.09869,1,0,0,0,0,0,-0.16059,0,0,0,0,0,0
0.0165,1,0,3.09867,1,0,0,0,0,0,-0.161571,0,0,0,0,0,0
0.0166,1,0,3.09865,1,0,0,0,0,0,-0.162552,0,0,0,0,0,0
0.0167,1,0,3.09864,1,0,0,0,0,0,-0.163533,0,0,0,0,0,0
0.0168,1,0,3.09862,1,0,0,0,0,0,-0.164514,0,0,0,0,0,0
0.0169,1,0,3.0986,1,0,0,0,0,0,-0.165495,0,0,0,0,0,0
0.017,1,0,3.09859,1,0,0,0,0,0,-0.166476,0,0,0,0,0,0
0.0171,1,0,3.09857,1,0,0,0,0,0,-0.167457,0,0,0,0,0,0
0.0172,1,0,3.09855,1,0,0,0,0,0,-0.168438,0,0,0,0,0,0
0.0173,1,0,3.09854,1,0,0,0,0,0,-0.169419,0,0,0,0,0,0
0.0174,1,0,3.09852,1,0,0,0,0,0,-0.1704,0,0,0,0,0,0
0.0175,1,0,3.0985,1,0,0,0,0,0,-0.171381,0,0,0,0,0,0
0.0176,1,0,3.09849,1,0,0,0,0,0,-0.172362,0,0,0,0,0,0
0.0177,1,0,3.09847,1,0,0,0,0,0,-0.173343,0,0,0,0,0,0
0.0178,1,0,3.09845,1,0,0,0,0,0,-0.174324,0,0,0,0,0,0
0.0179,1,0,3.09843,1,0,0,0,0,0,-0.175305,0,0,0,0,0,0
0.018,1,0,3.09842,1,0,0,0,0,0,-0.176286,0,0,0,0,0,0
0.0181,1,0,3.0984,1,0,0,0,0,0,-0.177267,0,0,0,0,0,0
0.0182,1,0,3.09838,1,0,0,0,0,0,-0.178248,0,0,0,0,0,0
0.0183,1,0,3.09836,1,0,0,0,0,0,-0.179229,0,0,0,0,0,0
0.0184,1,0,3.09834,1,0,0,0,0,0,-0.18021,0,0,0,0,0,0
0.0185,1,0,3.09833,1,0,0,0,0,0,-0.181191,0,0,0,0,0,0
0.0186,1,0,3.09831,1,0,0,0,0,0,-0.182172,0,0,0,0,0,0
0.0187,1,0,3.09829,1,0,0,0,0,0,-0.183153,0,0,0,0,0,0
0.0188,1,0,3.09827,1,0,0,0,0,0,-0.184134,0,0,0,0,0,0
0.0189,1,0,3.09825,1,0,0,0,0,0,-0.185115,0,0,0,0,0,0
0.019,1,0,3.09823,1,0,0,0,0,0,-0.186096,0,0,0,0,0,0
0.0191,1,0,3.09822,1,0,0,0,0,0,-0.187077,0,0,0,0,0,0
0.0192,1,0,3.0982,1,0,0,0,0,0,-0.188058,0,0,0,0,0,0
0.0193,1,0,3.09818,1,0,0,0,0,0,-0.189039,0,0,0,0,0,0
0.0194,1,0,3.09816,1,0,0,0,0,0,-0.19002,0,0,0,0,0,0
0.0195,1,0,3.09814,1,0,0,0,0,0,-0.191001,0,0,0,0,0,0
0.0196,1,0,3.09812,1,0,0,0,0,0,-0.191982,0,0,0,0,0,0
0.0197,1,0,3.0981,1,0,0,0,0,0,-0.192963,0,0,0,0,0,0
0.0198,1,0,3.09808,1,0,0,0,0,0,-0.193944,0,0,0,0,0,0
0.0199,1,0,3.09806,1,0,0,0,0,0,-0.194925,0,0,0,0,0,0
0.02,1,0,3.09804,1,0,0,0,0,0,-0.195906,0,0,0,0,0,0
0.0201,1,0,3.09802,1,0,0,0,0,0,-0.196887,0,0,0,0,0,0
0.0202,1,0,3.098,1,0,0,0,0,0,-0.197868,0,0,0,0,0,0
0.0203,1,0,3.09798,1,0,0,0,0,0,-0.198849,0,0,0,0,0,0
0.0204,1,0,3.09796,1,0,0,0,0,0,-0.19983,0,0,0,0,0,0
0.0205,1,0,3.09794,1,0,0,0,0,0,-0.200811,0,0,0,0,0,0
0.0206,1,0,3.09792,1,0,0,0,0,0,-0.201792,0,0,0,0,0,0
0.0207,1,0,3.0979,1,0,0,0,0,0,-0.202773,0,0,0,0,0,0
0.0208,1,0,3.09788,1,0,0,0,0,0,-0.203754,0,0,0,0,0,0
0.0209,1,0,3.09786,1,0,0,0,0,0,-0.204735,0,0,0,0,0,0
0.021,1,0,3.09784,1,0,0,0,0,0,-0.205716,0,0,0,0,0,0
0.0211,1,0,3.09782,1,0,0,0,0,0,-0.206697,0,0,0,0,0,0
0.0212,1,0,3.0978,1,0,0,0,0,0,-0.207678,0,0,0,0,0,0
0.0213,1,0,3.09778,1,0,0,0,0,0,-0.208659,0,0,0,0,0,0
0.0214,1,0,3.09776,1,0,0,0,0,0,-0.20964,0,0,0,0,0,0
0.0215,1,0,3.09774,1,0,0,0,0,0,-0.210621,0,0,0,0,0,0
0.0216,1,0,3.09772,1,0,0,0,0,0,-0.211602,0,0,0,0,0,0
0.0217,1,0,3.0977,1,0,0,0,0,0,-0.212583,0,0,0,0,0,0
0.0218,1,0,3.09768,1,0,0,0,0,0,-0.213564,0,0,0,0,0,0
0.0219,1,0,3.09765,1,0,0,0,0,0,-0.214545,0,0,0,0,0,0
0.022,1,0,3.09763,1,0,0,0,0,0,-0.215526,0,0,0,0,0,0
0.0221,1,0,3.09761,1,0,0,0,0,0,-0.216507,0,0,0,0,0,0
0.0222,1,0,3.09759,1,0,0,0,0,0,-0.217488,0,0,0,0,0,0
0.0223,1,0,3.09757,1,0,0,0,0,0,-0.218469,0,0,0,0,0,0
0.0224,1,0,3.09755,1,0,0,0,0,0,-0.21945,0,0,0,0,0,0
0.0225,1,0,3.09752,1,0,0,0,0,0,-0.220431,0,0,0,0,0,0
0.0226,1,0,3.0975,1,0,0,0,0,0,-0.221412,0,0,0,0,0,0
0.0227,1,0,3.09748,1,0,0,0,0,0,-0.222393,0,0,0,0,0,0
0.0228,1,0,3.09746,1,0,0,0,0,0,-0.223374,0,0,0,0,0,0
0.0229,1,0,3.09743,1,0,0,0,0,0,-0.224355,0,0,0,0,0,0
0.023,1,0,3.09741,1,0,0,0,0,0,-0.225336,0,0,0,0,0,0
0.0231,1,0,3.09739,1,0,0,0,0,0,-0.226317,0,0,0,0,0,0
0.0232,1,0,3.09737,1,0,0,0,0,0,-0.227298,0,0,0,0,0,0
0.0233,1,0,3.09734,1,0,0,0,0,0,-0.228279,0,0,0,0,0,0
0.0234,1,0,3.09732,1,0,0,0,0,0,-0.22926,0,0,0,0,0,0
0.0235,1,0,3.0973,1,0,0,0,0,0,-0.230241,0,0,0,0,0,0
0.0236,1,0,3.09728,1,0,0,0,0,0,-0.231222,0,0,0,0,0,0
0.0237,1,0,3.09725,1,0,0,0,0,0,-0.232203,0,0,0,0,0,0
0.0238,1,0,3.09723,1,0,0,0,0,0,-0.233184,0,0,0,0,0,0
0.0239,1,0,3.09721,1,0,0,0,0,0,-0.234165,0,0,0,0,0,0
0.024,1,0,3.09718,1,0,0,0,0,0,-0.235146,0,0,0,0,0,0
0.0241,1,0,3.09716,1,0,0,0,0,0,-0.236127,0,0,0,0,0,0
0.0242,1,0,3.09713,1,0,0,0,0,0,-0.237108,0,0,0,0,0,0
0.0243,1,0,3.09711,1,0,0,0,0,0,-0.238089,0,0,0,0,0,0
0.0244,1,0,3.09709,1,0,0,0,0,0,-0.23907,0,0,0,0,0,0
0.0245,1,0,3.09706,1,0,0,0,0,0,-0.240051,0,0,0,0,0,0
0.0246,1,0,3.09704,1,0,0,0,0,0,-0.241032,0,0,0,0,0,0
0.0247,1,0,3.09701,1,0,0,0,0,0,-0.242013,0,0,0,0,0,0
0.0248,1,0,3.09699,1,0,0,0,0,0,-0.242994,0,0,0,0,0,0
0.0249,1,0,3.09697,1,0,0,0,0,0,-0.243975,0,0,0,0,0,0
0.025,1,0,3.09694,1,0,0,0,0,0,-0.244956,0,0,0,0,0,0
0.0251,1,0,3.09692,1,0,0,0,0,0,-0.245937,0,0,0,0,0,0
0.0252,1,0,3.09689,1,0,0,0,0,0,-0.246918,0,0,0,0,0,0
0.0253,1,0,3.09687,1,0,0,0,0,0,-0.247899,0,0,0,0,0,0
0.0254,1,0,3.09684,1,0,0,0,0,0,-0.24888,0,0,0,0,0,0
0.0255,1,0,3.09682,1,0,0,0,0,0,-0.249861,0,0,0,0,0,0
0.0256,1,0,3.09679,1,0,0,0,0,0,-0.250842,0,0,0,0,0,0
0.0257,1,0,3.09677,1,0,0,0,0,0,-0.251823,0,0,0,0,0,0
0.0258,1,0,3.09674,1,0,0,0,0,0,-0.252804,0,0,0,0,0,0
0.0259,1,0,3.09672,1,0,0,0,0,0,-0.253785,0,0,0,0,0,0
0.026,1,0,3.09669,1,0,0,0,0,0,-0.254766,0,0,0,0,0,0
0.0261,1,0,3.09667,1,0,0,0,0,0,-0.255747,0,0,0,0,0,0
0.0262,1,0,3.09664,1,0,0,0,0,0,-0.256728,0,0,0,0,0,0
0.0263,1,0,3.09661,1,0,0,0,0,0,-0.257709,0,0,0,0,0,0
0.0264,1,0,3.09659,1,0,0,0,0,0,-0.25869,0,0,0,0,0,0
0.0265,1,0,3.09656,1,0,0,0,0,0,-0.259671,0,0,0,0,0,0
0.0266,1,0,3.09654,1,0,0,0,0,0,-0.260652,0,0,0,0,0,0
0.0267,1,0,3.09651,1,0,0,0,0,0,-0.261633,0,0,0,0,0,0
0.0268,1,0,3.09648,1,0,0,0,0,0,-0.262614,0,0,0,0,0,0
0.0269,1,0,3.09646,1,0,0,0,0,0,-0.263595,0,0,0,0,0,0
0.027,1,0,3.09643,1,0,0,0,0,0,-0.264576,0,0,0,0,0,0
0.0271,1,0,3.09641,1,0,0,0,0,0,-0.265557,0,0,0,0,0,0
0.0272,1,0,3.09638,1,0,0,0,0,0,-0.266538,0,0,0,0,0,0
0.0273,1,0,3.09635,1,0,0,0,0,0,-0.267519,0,0,0,0,0,0
0.0274,1,0,3.09633,1,0,0,0,0,0,-0.2685,0,0,0,0,0,0
0.0275,1,0,3.0963,1,0,0,0,0,0,-0.269481,0,0,0,0,0,0
0.0276,1,0,3.09627,1,0,0,0,0,0,-0.270462,0,0,0,0,0,0
0.0277,1,0,3.09624,1,0,0,0,0,0,-0.271443,0,0,0,0,0,0
0.0278,1,0,3.09622,1,0,0,0,0,0,-0.272424,0,0,0,0,0,0
0.0279,1,0,3.09619,1,0,0,0,0,0,-0.273405,0,0,0,0,0,0
0.028,1,0,3.09616,1,0,0,0,0,0,-0.274386,0,0,0,0,0,0
0.0281,1,0,3.09614,1,0,0,0,0,0,-0.275367,0,0,0,0,0,0
0.0282,1,0,3.09611,1,0,0,0,0,0,-0.276348,0,0,0,0,0,0
0.0283,1,0,3.09608,1,0,0,0,0,0,-0.277329,0,0,0,0,0,0
0.0284,1,0,3.09605,1,0,0,0,0,0,-0.27831,0,0,0,0,0,0
0.0285,1,0,3.09602,1,0,0,0,0,0,-0.279291,0,0,0,0,0,0
0.0286,1,0,3.096,1,0,0,0,0,0,-0.280272,0,0,0,0,0,0
0.0287,1,0,3.09597,1,0,0,0,0,0,-0.281253,0,0,0,0,0,0
0.0288,1,0,3.09594,1,0,0,0,0,0,-0.282234,0,0,0,0,0,0
0.0289,1,0,3.09591,1,0,0,0,0,0,-0.283215,0,0,0,0,0,0
0.029,1,0,3.09588,1,0,0,0,0,0,-0.284196,0,0,0,0,0,0
0.0291,1,0,3.09585,1,0,0,0,0,0,-0.285177,0,0,0,0,0,0
0.0292,1,0,3.09583,1,0,0,0,0,0,-0.286158,0,0,0,0,0,0
0.0293,1,0,3.0958,1,0,0,0,0,0,-0.287139,0,0,0,0,0,0
0.0294,1,0,3.09577,1,0,0,0,0,0,-0.28812,0,0,0,0,0,0
0.0295,1,0,3.09574,1,0,0,0,0,0,-0.289101,0,0,0,0,0,0
0.0296,1,0,3.09571,1,0,0,0,0,0,-0.290082,0,0,0,0,0,0
0.0297,1,0,3.09568,1,0,0,0,0,0,-0.291063,0,0,0,0,0,0
0.0298,1,0,3.09565,1,0,0,0,0,0,-0.292044,0,0,0,0,0,0
0.0299,1,0,3.09562,1,0,0,0,0,0,-0.293025,0,0,0,0,0,0
0.03,1,0,3.09559,1,0,0,0,0,0,-0.294006,0,0,0,0,0,0
0.0301,1,0,3.09556,1,0,0,0,0,0,-0.294987,0,0,0,0,0,0
0.0302,1,0,3.09554,1,0,0,0,0,0,-0.295968,0,0,0,0,0,0
0.0303,1,0,3.09551,1,0,0,0,0,0,-0.296949,0,0,0,0,0,0
0.0304,1,0,3.09548,1,0,0,0,0,0,-0.29793,0,0,0,0,0,0
0.0305,1,0,3.09545,1,0,0,0,0,0,-0.298911,0,0,0,0,0,0
0.0306,1,0,3.09542,1,0,0,0,0,0,-0.299892,0,0,0,0,0,0
0.0307,1,0,3.09539,1,0,0,0,0,0,-0.300873,0,0,0,0,0,0
0.0308,1,0,3.09536,1,0,0,0,0,0,-0.301854,0,0,0,0,0,0
0.0309,1,0,3.09533,1,0,0,0,0,0,-0.302835,0,0,0,0,0,0
0.031,1,0,3.0953,1,0,0,0,0,0,-0.303816,0,0,0,0,0,0
0.0311,1,0,3.09526,1,0,0,0,0,0,-0.304797,0,0,0,0,0,0
0.0312,1,0,3.09523,1,0,0,0,0,0,-0.305778,0,0,0,0,0,0
0.0313,1,0,3.0952,1,0,0,0,0,0,-0.306759,0,0,0,0,0,0
0.0314,1,0,3.09517,1,0,0,0,0,0,-0.30774,0,0,0,0,0,0
0.0315,1,0,3.09514,1,0,0,0,0,0,-0.308721,0,0,0,0,0,0
0.0316,1,0,3.09511,1,0,0,0,0,0,-0.309702,0,0,0,0,0,0
0.0317,1,0,3.09508,1,0,0,0,0,0,-0.310683,0,0,0,0,0,0
0.0318,1,0,3.09505,1,0,0,0,0,0,-0.311664,0,0,0,0,0,0
0.0319,1,0,3.09502,1,0,0,0,0,0,-0.312645,0,0,0,0,0,0
0.032,1,0,3.09499,1,0,0,0,0,0,-0.313626,0,0,0,0,0,0
0.0321,1,0,3.09496,1,0,0,0,0,0,-0.314607,0,0,0,0,0,0
0.0322,1,0,3.09492,1,0,0,0,0,0,-0.315588,0,0,0,0,0,0
0.0323,1,0,3.09489,1,0,0,0,0,0,-0.316569,0,0,0,0,0,0
0.0324,1,0,3.09486,1,0,0,0,0,0,-0.31755,0,0,0,0,0,0
0.0325,1,0,3.09483,1,0,0,0,0,0,-0.318531,0,0,0,0,0,0
0.0326,1,0,3.0948,1,0,0,0,0,0,-0.319512,0,0,0,0,0,0
0.0327,1,0,3.09476,1,0,0,0,0,0,-0.320493,0,0,0,0,0,0
0.0328,1,0,3.09473,1,0,0,0,0,0,-0.321474,0,0,0,0,0,0
0.0329,1,0,3.0947,1,0,0,0,0,0,-0.322455,0,0,0,0,0,0
0.033,1,0,3.09467,1,0,0,0,0,0,-0.323436,0,0,0,0,0,0
0.0331,1,0,3.09464,1,0,0,0,0,0,-0.324417,0,0,0,0,0,0
0.0332,1,0,3.0946,1,0,0,0,0,0,-0.325398,0,0,0,0,0,0
0.0333,1,0,3.09457,1,0,0,0,0,0,-0.326379,0,0,0,0,0,0
0.0334,1,0,3.09454,1,0,0,0,0,0,-0.32736,0,0,0,0,0,0
0.0335,1,0,3.09451,1,0,0,0,0,0,-0.328341,0,0,0,0,0,0
0.0336,1,0,3.09447,1,0,0,0,0,0,-0.329322,0,0,0,0,0,0
0.0337,1,0,3.09444,1,0,0,0,0,0,-0.330303,0,0,0,0,0,0
0.0338,1,0,3.09441,1,0,0,0,0,0,-0.331284,0,0,0,0,0,0
0.0339,1,0,3.09437,1,0,0,0,0,0,-0.332265,0,0,0,0,0,0
0.034,1,0,3.09434,1,0,0,0,0,0,-0.333246,0,0,0,0,0,0
0.0341,1,0,3.09431,1,0,0,0,0,0,-0.334227,0,0,0,0,0,0
0.0342,1,0,3.09427,1,0,0,0,0,0,-0.335208,0,0,0,0,0,0
0.0343,1,0,3.09424,1,0,0,0,0,0,-0.336189,0,0,0,0,0,0
0.0344,1,0,3.09421,1,0,0,0,0,0,-0.33717,0,0,0,0,0,0
0.0345,1,0,3.09417,1,0,0,0,0,0,-0.338151,0,0,0,0,0,0
0.0346,1,0,3.09414,1,0,0,0,0,0,-0.339132,0,0,0,0,0,0
0.0347,1,0,3.0941,1,0,0,0,0,0,-0.340113,0,0,0,0,0,0
0.0348,1,0,3.09407,1,0,0,0,0,0,-0.341094,0,0,0,0,0,0
0.0349,1,0,3.09404,1,0,0,0,0,0,-0.342075,0,0,0,0,0,0
0.035,1,0,3.094,1,0,0,0,0,0,-0.343056,0,0,0,0,0,0
0.0351,1,0,3.09397,1,0,0,0,0,0,-0.344037,0,0,0,0,0,0
0.0352,1,0,3.09393,1,0,0,0,0,0,-0.345018,0,0,0,0,0,0
0.0353,1,0,3.0939,1,0,0,0,0,0,-0.345999,0,0,0,0,0,0
0.0354,1,0,3.09386,1,0,0,0,0,0,-0.34698,0,0,0,0,0,0
0.0355,1,0,3.09383,1,0,0,0,0,0,-0.347961,0,0,0,0,0,0
0.0356,1,0,3.09379,1,0,0,0,0,0,-0.348942,0,0,0,0,0,0
0.0357,1,0,3.09376,1,0,0,0,0,0,-0.349923,0,0,0,0,0,0
0.0358,1,0,3.09372,1,0,0,0,0,0,-0.350904,0,0,0,0,0,0
0.0359,1,0,3.09369,1,0,0,0,0,0,-0.351885,0,0,0,0,0,0
0.036,1,0,3.09365,1,0,0,0,0,0,-0.352866,0,0,0,0,0,0
0.0361,1,0,3.09362,1,0,0,0,0,0,-0.353847,0,0,0,0,0,0
0.0362,1,0,3.09358,1,0,0,0,0,0,-0.354828,0,0,0,0,0,0
0.0363,1,0,3.09355,1,0,0,0,0,0,-0.355809,0,0,0,0,0,0
0.0364,1,0,3.09351,1,0,0,0,0,0,-0.35679,0,0,0,0,0,0
0.0365,1,0,3.09348,1,0,0,0,0,0,-0.357771,0,0,0,0,0,0
0.0366,1,0,3.09344,1,0,0,0,0,0,-0.358752,0,0,0,0,0,0
0.0367,1,0,3.0934,1,0,0,0,0,0,-0.359733,0,0,0,0,0,0
0.0368,1,0,3.09337,1,0,0,0,0,0,-0.360714,0,0,0,0,0,0
0.0369,1,0,3.09333,1,0,0,0,0,0,-0.361695,0,0,0,0,0,0
0.037,1,0,3.0933,1,0,0,0,0,0,-0.362676,0,0,0,0,0,0
0.0371,1,0,3.09326,1,0,0,0,0,0,-0.363657,0,0,0,0,0,0
0.0372,1,0,3.09322,1,0,0,0,0,0,-0.364638,0,0,0,0,0,0
0.0373,1,0,3.09319,1,0,0,0,0,0,-0.365619,0,0,0,0,0,0
0.0374,1,0,3.09315,1,0,0,0,0,0,-0.3666,0,0,0,0,0,0
0.0375,1,0,3.09311,1,0,0,0,0,0,-0.367581,0,0,0,0,0,0
0.0376,1,0,3.09308,1,0,0,0,0,0,-0.368562,0,0,0,0,0,0
0.0377,1,0,3.09304,1,0,0,0,0,0,-0.369543,0,0,0,0,0,0
0.0378,1,0,3.093,1,0,0,0,0,0,-0.370524,0,0,0,0,0,0
0.0379,1,0,3.09297,1,0,0,0,0,0,-0.371505,0,0,0,0,0,0
0.038,1,0,3.09293,1,0,0,0,0,0,-0.372486,0,0,0,0,0,0
0.0381,1,0,3.09289,1,0,0,0,0,0,-0.373467,0,0,0,0,0,0
0.0382,1,0,3.09285,1,0,0,0,0,0,-0.374448,0,0,0,0,0,0
0.0383,1,0,3.09282,1,0,0,0,0,0,-0.375429,0,0,0,0,0,0
0.0384,1,0,3.09278,1,0,0,0,0,0,-0.37641,0,0,0,0,0,0
0.0385,1,0,3.09274,1,0,0,0,0,0,-0.377391,0,0,0,0,0,0
0.0386,1,0,3.0927,1,0,0,0,0,0,-0.378372,0,0,0,0,0,0
0.0387,1,0,3.09267,1,0,0,0,0,0,-0.379353,0,0,0,0,0,0
0.0388,1,0,3.09263,1,0,0,0,0,0,-0.380334,0,0,0,0,0,0
0.0389,1,0,3.09259,1,0,0,0,0,0,-0.381315,0,0,0,0,0,0
0.039,1,0,3.09255,1,0,0,0,0,0,-0.382296,0,0,0,0,0,0
0.0391,1,0,3.09251,1,0,0,0,0,0,-0.383277,0,0,0,0,0,0
0.0392,1,0,3.09247,1,0,0,0,0,0,-0.384258,0,0,0,0,0,0
0.0393,1,0,3.09244,1,0,0,0,0,0,-0.385239,0,0,0,0,0,0
0.0394,1,0,3.0924,1,0,0,0,0,0,-0.38622,0,0,0,0,0,0
0.0395,1,0,3.09236,1,0,0,0,0,0,-0.387201,0,0,0,0,0,0
0.0396,1,0,3.09232,1,0,0,0,0,0,-0.388182,0,0,0,0,0,0
0.0397,1,0,3.09228,1,0,0,0,0,0,-0.389163,0,0,0,0,0,0
0.0398,1,0,3.09224,1,0,0,0,0,0,-0.390144,0,0,0,0,0,0
0.0399,1,0,3.0922,1,0,0,0,0,0,-0.391125,0,0,0,0,0,0
0.04,1,0,3.09216,1,0,0,0,0,0,-0.392106,0,0,0,0,0,0
0.0401,1,0,3.09212,1,0,0,0,0,0,-0.393087,0,0,0,0,0,0
0.0402,1,0,3.09209,1,0,0,0,0,0,-0.394068,0,0,0,0,0,0
0.0403,1,0,3.09205,1,0,0,0,0,0,-0.395049,0,0,0,0,0,0
0.0404,1,0,3.09201,1,0,0,0,0,0,-0.39603,0,0,0,0,0,0
0.0405,1,0,3.09197,1,0,0,0,0,0,-0.397011,0,0,0,0,0,0
0.0406,1,0,3.09193,1,0,0,0,0,0,-0.397992,0,0,0,0,0,0
0.0407,1,0,3.09189,1,0,0,0,0,0,-0.398973,0,0,0,0,0,0
0.0408,1,0,3.09185,1,0,0,0,0,0,-0.399954,0,0,0,0,0,0
0.0409,1,0,3.09181,1,0,0,0,0,0,-0.400935,0,0,0,0,0,0
0.041,1,0,3.09177,1,0,0,0,0,0,-0.401916,0,0,0,0,0,0
0.0411,1,0,3.09173,1,0,0,0,0,0,-0.402897,0,0,0,0,0,0
0.0412,1,0,3.09169,1,0,0,0,0,0,-0.403878,0,0,0,0,0,0
0.0413,1,0,3.09165,1,0,0,0,0,0,-0.404859,0,0,0,0,0,0
0.0414,1,0,3.09161,1,0,0,0,0,0,-0.40584,0,0,0,0,0,0
0.0415,1,0,3.09156,1,0,0,0,0,0,-0.406821,0,0,0,0,0,0
0.0416,1,0,3.09152,1,0,0,0,0,0,-0.407802,0,0,0,0,0,0
0.0417,1,0,3.09148,1,0,0,0,0,0,-0.408783,0,0,0,0,0,0
0.0418,1,0,3.09144,1,0,0,0,0,0,-0.409764,0,0,0,0,0,0
0.0419,1,0,3.0914,1,0,0,0,0,0,-0.410745,0,0,0,0,0,0
0.042,1,0,3.09136,1,0,0,0,0,0,-0.411726,0,0,0,0,0,0
0.0421,1,0,3.09132,1,0,0,0,0,0,-0.412707,0,0,0,0,0,0
0.0422,1,0,3.09128,1,0,0,0,0,0,-0.413688,0,0,0,0,0,0
0.0423,1,0,3.09124,1,0,0,0,0,0,-0.414669,0,0,0,0,0,0
0.0424,1,0,3.09119,1,0,0,0,0,0,-0.41565,0,0,0,0,0,0
0.0425,1,0,3.09115,1,0,0,0,0,0,-0.416631,0,0,0,0,0,0
0.0426,1,0,3.09111,1,0,0,0,0,0,-0.417612,0,0,0,0,0,0
0.0427,1,0,3.09107,1,0,0,0,0,0,-0.418593,0,0,0,0,0,0
0.0428,1,0,3.09103,1,0,0,0,0,0,-0.419574,0,0,0,0,0,0
0.0429,1,0,3.09099,1,0,0,0,0,0,-0.420555,0,0,0,0,0,0
0.043,1,0,3.09094,1,0,0,0,0,0,-0.421536,0,0,0,0,0,0
0.0431,1,0,3.0909,1,0,0,0,0,0,-0.422517,0,0,0,0,0,0
0.0432,1,0,3.09086,1,0,0,0,0,0,-0.423498,0,0,0,0,0,0
0.0433,1,0,3.09082,1,0,0,0,0,0,-0.424479,0,0,0,0,0,0
0.0434,1,0,3.09077,1,0,0,0,0,0,-0.42546,0,0,0,0,0,0
0.0435,1,0,3.09073,1,0,0,0,0,0,-0.426441,0,0,0,0,0,0
0.0436,1,0,3.09069,1,0,0,0,0,0,-0.427422,0,0,0,0,0,0
0.0437,1,0,3.09065,1,0,0,0,0,0,-0.428403,0,0,0,0,0,0
0.0438,1,0,3.0906,1,0,0,0,0,0,-0.429384,0,0,0,0,0,0
0.0439,1,0,3.09056,1,0,0,0,0,0,-0.430365,0,0,0,0,0,0
0.044,1,0,3.09052,1,0,0,0,0,0,-0.431346,0,0,0,0,0,0
0.0441,1,0,3.09047,1,0,0,0,0,0,-0.432327,0,0,0,0,0,0
0.0442,1,0,3.09043,1,0,0,0,0,0,-0.433308,0,0,0,0,0,0
0.0443,1,0,3.09039,1,0,0,0,0,0,-0.434289,0,0,0,0,0,0
0.0444,1,0,3.09034,1,0,0,0,0,0,-0.43527,0,0,0,0,0,0
0.0445,1,0,3.0903,1,0,0,0,0,0,-0.436251,0,0,0,0,0,0
0.0446,1,0,3.09026,1,0,0,0,0,0,-0.437232,0,0,0,0,0,0
0.0447,1,0,3.09021,1,0,0,0,0,0,-0.438213,0,0,0,0,0,0
0.0448,1,0,3.09017,1,0,0,0,0,0,-0.439194,0,0,0,0,0,0
0.0449,1,0,3.09012,1,0,0,0,0,0,-0.440175,0,0,0,0,0,0
0.045,1,0,3.09008,1,0,0,0,0,0,-0.441156,0,0,0,0,0,0
0.0451,1,0,3.09004,1,0,0,0,0,0,-0.442137,0,0,0,0,0,0
0.0452,1,0,3.08999,1,0,0,0,0,0,-0.443118,0,0,0,0,0,0
0.0453,1,0,3.08995,1,0,0,0,0,0,-0.444099,0,0,0,0,0,0
0.0454,1,0,3.0899,1,0,0,0,0,0,-0.44508,0,0,0,0,0,0
0.0455,1,0,3.08986,1,0,0,0,0,0,-0.446061,0,0,0,0,0,0
0.0456,1,0,3.08981,1,0,0,0,0,0,-0.447042,0,0,0,0,0,0
0.0457,1,0,3.08977,1,0,0,0,0,0,-0.448023,0,0,0,0,0,0
0.0458,1,0,3.08972,1,0,0,0,0,0,-0.449004,0,0,0,0,0,0
0.0459,1,0,3.08968,1,0,0,0,0,0,-0.449985,0,0,0,0,0,0
0.046,1,0,3.08963,1,0,0,0,0,0,-0.450966,0,0,0,0,0,0
0.0461,1,0,3.08959,1,0,0,0,0,0,-0.451947,0,0,0,0,0,0
0.0462,1,0,3.08954,1,0,0,0,0,0,-0.452928,0,0,0,0,0,0
0.0463,1,0,3.0895,1,0,0,0,0,0,-0.453909,0,0,0,0,0,0
0.0464,1,0,3.08945,1,0,0,0,0,0,-0.45489,0,0,0,0,0,0
0.0465,1,0,3.08941,1,0,0,0,0,0,-0.455871,0,0,0,0,0,0
0.0466,1,0,3.08936,1,0,0,0,0,0,-0.456852,0,0,0,0,0,0
0.0467,1,0,3.08932,1,0,0,0,0,0,-0.457833,0,0,0,0,0,0
0.0468,1,0,3.08927,1,0,0,0,0,0,-0.458814,0,0,0,0,0,0
0.0469,1,0,3.08922,1,0,0,0,0,0,-0.459795,0,0,0,0,0,0
